voucher_id,haul,strata,tax,tax_phylum,tax_class,tax_order,tax_family,tax_genus,tax_species,pre_taxid,gb_coi,bold_coi,gb_16s,blast_coi_id,blast_coi_ap,bold_coi_id,bold_coi_ap,blast_16s_id,blast_16s_ap,rev_tax,final_tax_phylum,final_tax_class,final_tax_order,final_tax_family,final_tax_genus,final_tax,final_taxid,bin,bin_congruence,evidence,accession_coi,accession_16s,bold_process_id
FC-22-001-01,1,30,Sertulariidae,Cnidaria,Hydrozoa,Leptothecata,Sertulariidae,NA,NA,86619,LTR,LTR,LTR,NA,NA,NA,NA,NA,NA,NA,NA,NA,NA,NA,NA,NA,NA,NA,NA,NA,NA,NA,NA
FC-22-001-02,1,30,Anthoptilum grandiflorum,Cnidaria,Octocorallia,Scleralcyonacea,Anthoptilidae,Anthoptilum,Anthoptilum grandiflorum,1150258,1,1,1,Anthoptilum grandiflorum,100,Anthoptilum cf. grandiflorum ,100,Anthoptilum grandiflorum,100,NA,Cnidaria,Octocorallia,Scleralcyonacea,Anthoptilidae,Anthoptilum,Anthoptilum grandiflorum,1150258,BOLD:ACL7067,multiple,multiple,OZ240252,OZ238508,VMEFC001-25
FC-22-001-03,1,30,Henricia sp.,Echinodermata,Asteroidea,Spinulosida,Echinasteridae,Henricia,NA,60577,LTR,LTR,LTR,Henricia sp. CLADE A,"99,42",Henricia sanguinolenta,"99,21",Henricia sp. CLADE A,"99,67",Henricia cf. lisa ingolfi,Echinodermata,Asteroidea,Spinulosida,Echinasteridae,Henricia,Henricia cf. lisa ingolfi,3384885,BOLD:AAF2495,concordant,morphological,OZ240253,OZ238509,VMEFC002-25
FC-22-001-04,1,30,Stryphnus sp.,Porifera,Demospongiae,Tetractinellida,Ancorinidae,Stryphnus,NA,77190,LTR,LTR,LTR,Stryphnus fortis,"99,68",Stryphnus ponderosus ,"99,68",Geodia barretti,"93,21",Stryphnus fortis,Porifera,Demospongiae,Tetractinellida,Ancorinidae,Stryphnus,Stryphnus fortis,1006811,BOLD:ACB4853,concordant,multiple,OZ240254,OZ238510,VMEFC003-25
FC-22-001-05,1,30,Stryphnus sp.,Porifera,Demospongiae,Tetractinellida,Ancorinidae,Stryphnus,NA,77190,LTR,LTR,LTR,Stryphnus fortis,"99,68",Stryphnus ponderosus ,"99,68",Macandrewia sp.,"92,73",Stryphnus fortis,Porifera,Demospongiae,Tetractinellida,Ancorinidae,Stryphnus,Stryphnus fortis,1006811,BOLD:ACB4853,concordant,multiple,OZ240255,OZ238511,VMEFC004-25
FC-22-001-06,1,30,Mediaster bairdi,Echinodermata,Asteroidea,Valvatida,Goniasteridae,Mediaster,Mediaster bairdi,655526,0,0,1,Mediaster aequalis,"96,67",No match,NA,Mediaster bairdi,"99,83",NA,Echinodermata,Asteroidea,Valvatida,Goniasteridae,Mediaster,Mediaster bairdi,655526,BOLD:AFR6324,concordant,multiple,OZ240256,OZ238512,VMEFC005-25
FC-22-001-07,1,30,Phormosoma placenta,Echinodermata,Echinoidea,Echinothurioida,Phormosomatidae,Phormosoma,Phormosoma placenta,3258253,0,0,0,Caenopedina pulchella,"99,4",Phormosoma bursarium,"99,68",Caenopedina pulchella,"99,65",NA,Echinodermata,Echinoidea,Echinothurioida,Phormosomatidae,Phormosoma,Phormosoma placenta,3258253,BOLD:AAE0357,concordant,morphological,OZ240257,OZ238513,VMEFC006-25
FC-22-001-08,1,30,Gnathophausia zoea,Arthropoda,Malacostraca,Lophogastrida,Gnathophausiidae,Gnathophausia,Gnathophausia zoea,314074,1,1,1,Gnathophausia zoea,"99,65",Gnathophausia zoea,100,NA,NA,NA,Arthropoda,Malacostraca,Lophogastrida,Gnathophausiidae,Gnathophausia,Gnathophausia zoea,314074,BOLD:AAD5774,multiple,multiple,OZ240258,NA,VMEFC007-25
FC-22-001-09,1,30,Stereomastis nana,Arthropoda,Malacostraca,Decapoda,Polychelidae,Stereomastis,Stereomastis nana,1129396,1,1,0,Stereomastis nana,"99,82",Stereomastis nana,100,Stereomastis panglao,"94,91",NA,Arthropoda,Malacostraca,Decapoda,Polychelidae,Stereomastis,Stereomastis nana,1129396,BOLD:AAI0100,concordant,multiple,OZ240259,OZ238514,VMEFC008-25
FC-22-001-10,1,30,Porifera,Porifera,NA,NA,NA,NA,NA,6040,LTR,LTR,LTR,Niphatidae sp.,"96,3",Haliclona fibulata,100,Demospongiae sp.,"94,42",Hemigellius arcofer,Porifera,Demospongiae,Haplosclerida,Niphatidae,Hemigellius,Hemigellius arcofer,3292806,BOLD:ADR1447,concordant,morphological,OZ240260,OZ238515,VMEFC009-25
FC-22-002-01,2,30,Balticina finmarchica,Cnidaria,Octocorallia,Scleralcyonacea,Balticinidae,Balticina,Balticina finmarchica,2899797,1,0,1,Balticina finmarchica,"99,85",Balticina finmarchica,100,NA,NA,NA,Cnidaria,Octocorallia,Scleralcyonacea,Balticinidae,Balticina,Balticina finmarchica,2899797,BOLD:ABX8941,concordant,multiple,OZ240261,NA,VMEFC010-25
FC-22-002-02,2,30,Acanthephyra purpurea,Arthropoda,Malacostraca,Decapoda,Acanthephyridae,Acanthephyra,Acanthephyra purpurea,576170,1,1,1,Acanthephyra pelagica,100,Acanthephyra pelagica,"99,85",Acanthephyra pelagica,100,NA,Arthropoda,Malacostraca,Decapoda,Acanthephyridae,Acanthephyra,Acanthephyra pelagica,342632,BOLD:AAC7822,multiple,genetic,OZ240262,OZ238516,VMEFC011-25
FC-22-002-03,2,30,Acanthephyra pelagica,Arthropoda,Malacostraca,Decapoda,Acanthephyridae,Acanthephyra,Acanthephyra pelagica,342632,1,1,1,Acanthephyra pelagica,"99,7",Acanthephyra pelagica,"99,69",NA,NA,NA,Arthropoda,Malacostraca,Decapoda,Acanthephyridae,Acanthephyra,Acanthephyra pelagica,342632,BOLD:AAC7822,multiple,multiple,OZ240263,NA,VMEFC012-25
FC-22-002-04,2,30,Pasiphaea tarda,Arthropoda,Malacostraca,Decapoda,Pasiphaeidae,Pasiphaea,Pasiphaea tarda,98099,1,1,0,Pasiphaea tarda,100,Pasiphaea tarda,100,Pasiphaea merriami,"94,36",NA,Arthropoda,Malacostraca,Decapoda,Pasiphaeidae,Pasiphaea,Pasiphaea tarda,98099,BOLD:AAB9072,multiple,multiple,OZ240264,OZ238517,VMEFC013-25
FC-22-002-05,2,30,Zoroaster fulgens,Echinodermata,Asteroidea,Forcipulatida,Zoroasteridae,Zoroaster,Zoroaster fulgens,231629,1,0,1,Zoroaster ophiactis ,"97,13",No match,NA,Zoroaster fulgens,"99,49",NA,Echinodermata,Asteroidea,Forcipulatida,Zoroasteridae,Zoroaster,Zoroaster fulgens,231629,BOLD:AHI8260,concordant,multiple,OZ240265,OZ238518,VMEFC014-25
FC-22-002-06,2,30,Porifera,Porifera,NA,NA,NA,NA,NA,6040,LTR,LTR,LTR,Thenea levis,100,Thenea levis,100,Poecillastra laminaris,"95,71",Thenea levis,Porifera,Demospongiae,Tetractinellida,Theneidae,Thenea,Thenea levis,1006813,BOLD:ACB4291,concordant,multiple,OZ240266,OZ238519,VMEFC015-25
FC-22-002-07,2,30,Hormathiidae,Cnidaria,Hexacorallia,Actiniaria,Hormathiidae,NA,NA,42824,LTR,LTR,LTR,Paraphelliactis xishaensis,"99,53",Actinauge sp.,100,NA,NA,NA,Cnidaria,Hexacorallia,Actiniaria,Hormathiidae,Actinauge,Actinauge cristata,3279625,BOLD:AAE3706,multiple,morphological,OZ240267,NA,VMEFC016-25
FC-22-004-01,4,30,Didemnidae,Chordata,Ascidiacea,Aplousobranchia,Didemnidae,NA,NA,107393,LTR,LTR,LTR,NA,NA,NA,NA,NA,NA,NA,NA,NA,NA,NA,NA,NA,NA,NA,NA,NA,NA,NA,NA
FC-22-004-02,4,30,Gnathophausia zoea,Arthropoda,Malacostraca,Lophogastrida,Gnathophausiidae,Gnathophausia,Gnathophausia zoea,314074,1,1,1,Gnathophausia zoea,"99,66",Gnathophausia zoea,"98,9",NA,NA,NA,Arthropoda,Malacostraca,Lophogastrida,Gnathophausiidae,Gnathophausia,Gnathophausia zoea,314074,BOLD:AAD5774,multiple,multiple,OZ240268,NA,VMEFC017-25
FC-22-004-03,4,30,Astarte sp.,Mollusca,Bivalvia,Carditida,Astartidae,Astarte,NA,98290,LTR,LTR,LTR,Astarte sulcata,"93,83",No match,NA,NA,NA,Astarte cf. sulcata,Mollusca,Bivalvia,Carditida,Astartidae,Astarte,Astarte cf. sulcata MPL-2024,3384878,BOLD:AHJ5890,multiple,morphological,OZ240269,NA,VMEFC018-25
FC-22-004-04,4,30,Mediaster bairdi,Echinodermata,Asteroidea,Valvatida,Goniasteridae,Mediaster,Mediaster bairdi,655526,0,0,1,NA,NA,NA,NA,Mediaster bairdi,"99,65",NA,Echinodermata,Asteroidea,Valvatida,Goniasteridae,Mediaster,Mediaster bairdi,655526,NA,concordant,multiple,NA,OZ238520,VMEFC019-25
FC-22-004-05,4,30,Bathybiaster vexillifer,Echinodermata,Asteroidea,Paxillosida,Astropectinidae,Bathybiaster,Bathybiaster vexillifer,3254325,0,1,0,Astropectinidae sp. ,100,Bathybiaster vexillifer,100,Bathybiaster loripes,"99,1",NA,Echinodermata,Asteroidea,Paxillosida,Astropectinidae,Bathybiaster,Bathybiaster vexillifer,3254325,NA,concordant,multiple,OZ240270,OZ238521,VMEFC020-25
FC-22-004-06,4,30,Stereomastis nana,Arthropoda,Malacostraca,Decapoda,Polychelidae,Stereomastis,Stereomastis nana,1129396,1,1,0,Stereomastis nana,"99,83",Stereomastis nana,100,NA,NA,NA,Arthropoda,Malacostraca,Decapoda,Polychelidae,Stereomastis,Stereomastis nana,1129396,BOLD:AAI0100,concordant,multiple,OZ240271,NA,VMEFC021-25
FC-22-004-07,4,30,Anthoptilum grandiflorum,Cnidaria,Octocorallia,Scleralcyonacea,Anthoptilidae,Anthoptilum,Anthoptilum grandiflorum,1150258,1,1,1,Anthoptilum grandiflorum,100,Anthoptilum grandiflorum,100,Anthoptilum grandiflorum,100,NA,Cnidaria,Octocorallia,Scleralcyonacea,Anthoptilidae,Anthoptilum,Anthoptilum grandiflorum,1150258,BOLD:ACL7067,multiple,multiple,OZ240272,OZ238522,VMEFC022-25
FC-22-004-08,4,30,Geodia sp.,Porifera,Demospongiae,Tetractinellida,Geodiidae,Geodia,NA,6046,LTR,LTR,LTR,Geodia macandrewii,"99,85",Geodia macandrewii,"99,85",Geodia barretti,"97,83",Geodia aff. macandrewii,Porifera,Demospongiae,Tetractinellida,Geodiidae,Geodia,Geodia aff. macandrewii MPL-2024,3384880,BOLD:ACE5193,concordant,morphological,OZ240273,OZ238523,VMEFC023-25
FC-22-004-09,4,30,Porifera,Porifera,NA,NA,NA,NA,NA,6040,LTR,LTR,LTR,Thenea levis,100,Thenea levis,100,Poecillastra laminaris,"95,45",Thenea levis,Porifera,Demospongiae,Tetractinellida,Theneidae,Thenea,Thenea levis,1006813,BOLD:ACB4291,concordant,multiple,OZ240274,OZ238524,VMEFC024-25
FC-22-004-10,4,30,Neolithodes grimaldii,Arthropoda,Malacostraca,Decapoda,Lithodidae,Neolithodes,Neolithodes grimaldii,1129392,1,1,0,Neolithodes grimaldii ,100,Neolithodes grimaldii,100,Neolithodes asperrimus,100,NA,Arthropoda,Malacostraca,Decapoda,Lithodidae,Neolithodes,Neolithodes grimaldii,1129392,BOLD:AAF0802,concordant,multiple,OZ240275,OZ238525,VMEFC025-25
FC-22-004-11,4,30,Cirrothauma murrayi,Mollusca,Cephalopoda,Octopoda,Cirroteuthidae,Cirrothauma,Cirrothauma murrayi,61702,1,1,1,Stauroteuthis syrtensis,"99,38",Stauroteuthis syrtensis,"99,7",Stauroteuthis syrtensis,100,NA,Mollusca,Cephalopoda,Octopoda,Stauroteuthidae,Stauroteuthis,Stauroteuthis syrtensis,61746,BOLD:AAJ5099,concordant,genetic,OZ240276,OZ238526,VMEFC026-25
FC-22-005-01,5,32,Taonius pavo,Mollusca,Cephalopoda,Oegopsida,Cranchiidae,Taonius,Taonius pavo,559551,1,1,1,Teuthowenia megalops,"99,68",Teuthowenia megalops,"99,7",Teuthowenia megalops,100,NA,Mollusca,Cephalopoda,Oegopsida,Cranchiidae,Teuthowenia,Teuthowenia megalops,279102,BOLD:AAW6796,concordant,genetic,OZ240277,OZ238527,VMEFC027-25
FC-22-005-02,5,32,Atolla sp.,Cnidaria,Scyphozoa,Coronatae,Atollidae,Atolla,NA,86042,LTR,LTR,LTR,Atolla wyvillei,"98,75",Atolla sp.,"98,16",NA,NA,NA,Cnidaria,Scyphozoa,Coronatae,Atollidae,Atolla,Atolla sp. MPL-2024,3384849,BOLD:AAG4832,concordant,multiple,OZ240278,NA,VMEFC028-25
FC-22-005-03,5,32,Gonatus fabricii,Mollusca,Cephalopoda,Oegopsida,Gonatidae,Gonatus,Gonatus fabricii,93047,1,1,0,Gonatus steenstrupi,"99,84",Gonatus steenstrupi,100,Gonatus fabricii,100,NA,Mollusca,Cephalopoda,Oegopsida,Gonatidae,Gonatus,Gonatus fabricii,93047,BOLD:AAB0336,concordant,multiple,OZ240279,OZ238528,VMEFC029-25
FC-22-005-04,5,32,Periphylla periphylla,Cnidaria,Scyphozoa,Coronatae,Periphyllidae,Periphylla,Periphylla periphylla,880221,1,1,1,Periphylla periphylla,100,Periphylla periphylla,100,NA,NA,NA,Cnidaria,Scyphozoa,Coronatae,Periphyllidae,Periphylla,Periphylla periphylla,880221,BOLD:ACO7920,concordant,multiple,OZ240280,NA,VMEFC030-25
FC-22-006-01,6,30,Heteropolypus sp.,Cnidaria,Octocorallia,Scleralcyonacea,Coralliidae,Heteropolypus,NA,1826360,LTR,LTR,LTR,Anthomastinae sp.,"99,24",Anthomastus sp.,"99,83",Anthomastinae sp.,"99,15",NA,Cnidaria,Octocorallia,Scleralcyonacea,Coralliidae,Heteropolypus,Heteropolypus sol,2931934,BOLD:AAD3482,concordant,biogeographic,OZ240281,OZ238529,VMEFC031-25
FC-22-006-02,6,30,Balticina finmarchica,Cnidaria,Octocorallia,Scleralcyonacea,Balticinidae,Balticina,Balticina finmarchica,2899797,1,0,1,Balticina finmarchica,"99,85",Balticina finmarchica,100,NA,NA,NA,Cnidaria,Octocorallia,Scleralcyonacea,Balticinidae,Balticina,Balticina finmarchica,2899797,BOLD:ABX8941,concordant,multiple,OZ240282,NA,VMEFC032-25
FC-22-006-03,6,30,Arcoscalpellum michelottianum,Arthropoda,Thecostraca,Scalpellomorpha,Scalpellidae,Arcoscalpellum,Arcoscalpellum michelottianum,1380511,1,1,0,Arcoscalpellum sp.,"97,65",Arcoscalpellum sp.,"97,64",NA,NA,Arcoscalpellum michelottianum,Arthropoda,Thecostraca,Scalpellomorpha,Scalpellidae,Arcoscalpellum,Arcoscalpellum michelottianum,1380511,BOLD:AHJ6012,multiple,morphological,OZ240283,NA,VMEFC033-25
FC-22-006-04,6,30,Colus islandicus,Mollusca,Gastropoda,Neogastropoda,Colidae,Colus,Colus islandicus,2528148,1,1,1,Colus islandicus,"93,83",Colus stimpsoni,"97,14",Eosipho smithi,"95,95",Colus cf. islandicus,Mollusca,Gastropoda,Neogastropoda,Colidae,Colus,Colus cf. islandicus,2528148,BOLD:AHJ3859,multiple,multiple,OZ240284,OZ238530,VMEFC034-25
FC-22-006-05,6,30,Chiroteuthis veranii,Mollusca,Cephalopoda,Oegopsida,Chiroteuthidae,Chiroteuthis,Chiroteuthis veranii,61696,1,1,1,Chiroteuthis veranii ,"99,54",Chiroteuthis veranii,"99,84",Chiroteuthis veranii,100,NA,Mollusca,Cephalopoda,Oegopsida,Chiroteuthidae,Chiroteuthis,Chiroteuthis veranii,61696,BOLD:ACK5688,multiple,multiple,OZ240285,OZ238531,VMEFC035-25
FC-22-008-01,8,21,Distichoptilum gracile,Cnidaria,Octocorallia,Scleralcyonacea,Protoptilidae,Distichoptilum,Distichoptilum gracile,361155,1,1,1,Distichoptilum gracile ,100,Distichoptilum gracile,100,Distichoptilum gracile,100,NA,Cnidaria,Octocorallia,Scleralcyonacea,Protoptilidae,Distichoptilum,Distichoptilum gracile,361155,BOLD:ACB6157,concordant,multiple,OZ240286,OZ238532,VMEFC036-25
FC-22-008-02,8,21,Duva florida,Cnidaria,Octocorallia,Malacalcyonacea,Capnellidae,Duva,Duva florida,2931940,0,0,0,Sclerophytum lochmodes,"79,78",No match,NA,Isidella sp.,"77,52",NA,Cnidaria,Octocorallia,Malacalcyonacea,Capnellidae,Duva,Duva florida,2931940,BOLD:ADG6011,concordant,morphological,OZ240287,OZ238533,VMEFC037-25
FC-22-008-03,8,21,Actinoscyphia sp.,Cnidaria,Hexacorallia,Actiniaria,Actinoscyphiidae,Actinoscyphia,NA,478381,LTR,LTR,LTR,Galatheanthemum cf. profundale,"98,18",Stephanauge sp.,"99,53",NA,NA,Actinoscyphia aurelia,Cnidaria,Hexacorallia,Actiniaria,Actinoscyphiidae,Actinoscyphia,Actinoscyphia aurelia,3279687,BOLD:ACM6770,concordant,morphological,OZ240288,NA,VMEFC038-25
FC-22-008-04,8,21,Actinoscyphia sp.,Cnidaria,Hexacorallia,Actiniaria,Actinoscyphiidae,Actinoscyphia,NA,478381,LTR,LTR,LTR,Galatheanthemum cf. profundale,"98,16",Stephanauge sp.,"99,5",NA,NA,Actinoscyphia aurelia,Cnidaria,Hexacorallia,Actiniaria,Actinoscyphiidae,Actinoscyphia,Actinoscyphia aurelia,3279687,BOLD:ACM6770,concordant,morphological,OZ240289,NA,VMEFC039-25
FC-22-008-05,8,21,Semirossia sp.,Mollusca,Cephalopoda,Sepiida,Sepiolidae,Semirossia,NA,255025,LTR,LTR,LTR,Neorossia caroli,"93,01",Rossia megaptera,100,Semirossia tenera,"96,73",Rossia megaptera,Mollusca,Cephalopoda,Sepiolida,Sepiolidae,Rossia,Rossia megaptera,34532,BOLD:AAU0001,multiple,multiple,OZ240290,OZ238534,VMEFC040-25
FC-22-008-06,8,21,Heteropolypus sp.,Cnidaria,Octocorallia,Scleralcyonacea,Coralliidae,Heteropolypus,NA,1826360,LTR,LTR,LTR,Anthomastinae sp.,"99,24",Anthomastus ritteri,"99,84",Anthomastinae sp.,"99,15",NA,Cnidaria,Octocorallia,Scleralcyonacea,Coralliidae,Heteropolypus,Heteropolypus sol,2931934,BOLD:AAD3482,concordant,biogeographic,OZ240291,OZ238535,VMEFC041-25
FC-22-011-01,11,31,Geodia barretti,Porifera,Demospongiae,Tetractinellida,Geodiidae,Geodia,Geodia barretti,519541,1,1,1,Geodia barretti,100,Geodia sp.,100,Geodia barretti,100,NA,Porifera,Demospongiae,Tetractinellida,Geodiidae,Geodia,Geodia barretti,519541,BOLD:AAY1595,concordant,multiple,OZ240292,OZ238536,VMEFC042-25
FC-22-011-02,11,31,Geodia barretti,Porifera,Demospongiae,Tetractinellida,Geodiidae,Geodia,Geodia barretti,519541,1,1,1,Geodia barretti,100,Geodia sp.,100,Geodia barretti,100,NA,Porifera,Demospongiae,Tetractinellida,Geodiidae,Geodia,Geodia barretti,519541,BOLD:AAY1595,concordant,multiple,OZ240293,OZ238537,VMEFC043-25
FC-22-011-03,11,31,Geodia barretti,Porifera,Demospongiae,Tetractinellida,Geodiidae,Geodia,Geodia barretti,519541,1,1,1,Geodia barretti,100,Geodia sp.,100,NA,NA,NA,Porifera,Demospongiae,Tetractinellida,Geodiidae,Geodia,Geodia barretti,519541,BOLD:AAY1595,concordant,multiple,OZ240294,NA,VMEFC044-25
FC-22-011-04,11,31,Geodia barretti,Porifera,Demospongiae,Tetractinellida,Geodiidae,Geodia,Geodia barretti,519541,1,1,1,Geodia barretti,100,Geodia sp.,100,Geodia barretti,100,NA,Porifera,Demospongiae,Tetractinellida,Geodiidae,Geodia,Geodia barretti,519541,BOLD:AAY1595,concordant,multiple,OZ240295,OZ238538,VMEFC045-25
FC-22-011-05,11,31,Geodia sp.,Porifera,Demospongiae,Tetractinellida,Geodiidae,Geodia,NA,6046,LTR,LTR,LTR,Stelletta tuberosa,100,Stelletta tuberosa,100,Demospongiae sp.,100,Stelletta tuberosa,Porifera,Demospongiae,Tetractinellida,Ancorinidae,Stelletta,Stelletta tuberosa,1006810,BOLD:ACB5687,concordant,multiple,OZ240296,OZ238539,VMEFC046-25
FC-22-011-06,11,31,Atlantopandalus propinqvus,Arthropoda,Malacostraca,Decapoda,Pandalidae,Atlantopandalus,Atlantopandalus propinqvus,2268695,1,1,1,Atlantopandalus propinqvus,"90,25",No match,NA,Atlantopandalus propinqvus,99,NA,Arthropoda,Malacostraca,Decapoda,Pandalidae,Atlantopandalus,Atlantopandalus propinqvus,2268695,BOLD:AHJ5880,multiple,multiple,OZ240297,OZ238540,VMEFC047-25
FC-22-011-07,11,31,Craniella sp.,Porifera,Demospongiae,Tetractinellida,Tetillidae,Craniella,NA,496416,LTR,LTR,LTR,Craniella sp.,"99,07",Craniella cf. cranium,"99,09",Demospongiae sp.,97,Craniella cranium,Porifera,Demospongiae,Tetractinellida,Tetillidae,Craniella,Craniella cranium,1006792,BOLD:ACI0569,multiple,morphological,OZ240298,OZ238541,VMEFC048-25
FC-22-011-08,11,31,Stelletta sp.,Porifera,Demospongiae,Tetractinellida,Ancorinidae,Stelleta,NA,253167,LTR,LTR,LTR,NA,NA,NA,NA,Geodia barretti,"92,78",cf. Stelletta sp. 1,Porifera,Demospongiae,Tetractinellida,Ancorinidae,Stelleta,cf. Stelletta sp. 1 MPL-2024,3384868,NA,multiple,morphological,NA,OZ238542,VMEFC049-25
FC-22-011-09,11,31,Polychaeta,Annelida,Polychaeta,NA,NA,NA,NA,6341,LTR,LTR,LTR,NA,NA,NA,NA,NA,NA,NA,NA,NA,NA,NA,NA,NA,NA,NA,NA,NA,NA,NA,NA
FC-22-011-10,11,31,Ophiuroidea,Echinodermata,Ophiuroidea,NA,NA,NA,NA,7618,LTR,LTR,LTR,NA,NA,NA,NA,Ophiomitrella stellifera,"94,4",Ophiacantha aculeata,Echinodermata,Ophiuroidea,Ophiacantida,Ophiacanthidae,Ophiacantha,Ophiacantha aculeata,3093565,NA,concordant,morphological,NA,OZ238543,VMEFC050-25
FC-22-011-11,11,31,Ophiuroidea,Echinodermata,Ophiuroidea,NA,NA,NA,NA,7618,LTR,LTR,LTR,Ophiacantha sp.,"97,14",No match,NA,Ophiomitrella stellifera,"95,15",Ophiacantha aculeata,Echinodermata,Ophiuroidea,Ophiacantida,Ophiacanthidae,Ophiacantha,Ophiacantha aculeata,3093565,NA,concordant,morphological,OZ240299,OZ238544,VMEFC051-25
FC-22-011-12,11,31,Didemnidae,Chordata,Ascidiacea,Aplousobranchia,Didemnidae,NA,NA,107393,LTR,LTR,LTR,NA,NA,NA,NA,NA,NA,NA,NA,NA,NA,NA,NA,NA,NA,NA,NA,NA,NA,NA,NA
FC-22-011-13,11,31,Nephtheidae,Cnidaria,Octocorallia,Malacalcyonacea,Nephtheidae,NA,NA,51108,LTR,LTR,LTR,Muriceopsis flavida,"82,69",No match,NA,Anthomastus sp.,"82,21",Pseudodrifa sp.,Cnidaria,Octocorallia,Malacalcyonacea,Capnellidae,Pseudodrifa,Pseudodrifa sp.,3097313,BOLD:AHJ0458,multiple,morphological,OZ240300,OZ238545,VMEFC052-25
FC-22-011-14,11,31,Ophiomusa lymani,Echinodermata,Ophiuroidea,Ophiurida,Ophiomusaidae,Ophiomusa,Ophiomusa lymani,72729,1,0,0,NA,NA,NA,NA,Asteroschema sp.,"81,45",NA,Echinodermata,Ophiuroidea,Ophiurida,Ophiomusaidae,Ophiomusa,Ophiomusa lymani,72729,NA,no_bin,morphological,NA,OZ238546,VMEFC053-25
FC-22-011-15,11,31,Acanthogorgia sp.,Cnidaria,Octocorallia,Malacalcyonacea,Paramuriceidae,Acanthogorgia,NA,44189,LTR,LTR,LTR,Acanthogorgia armata,"99,83",Acanthogorgia granulata,"99,34",Euplexaura crassa,"99,4",NA,Cnidaria,Octocorallia,Malacalcyonacea,Paramuriceidae,Acanthogorgia,Acanthogorgia sp. MPL-2024,3384842,BOLD:AAH8240,concordant,multiple,OZ240301,OZ238547,VMEFC054-25
FC-22-011-16,11,31,Cirripedia,Arthropoda,Thecostraca,NA,NA,NA,NA,6675,LTR,LTR,LTR,Weltnerium stroemii,"95,85",No match,NA,Hoekinii sp.,"83,37",NA,Arthropoda,Thecostraca,Scalpellomorpha,Scalpellidae,Weltnerium,Weltnerium stroemii,3384887,BOLD:AHI8288,concordant,genetic,OZ240302,OZ238548,VMEFC055-25
FC-22-011-17,11,31,Stryphnus sp.,Porifera,Demospongiae,Tetractinellida,Ancorinidae,Stryphnus,NA,77190,LTR,LTR,LTR,Stryphnus fortis,"98,85",Stryphnus fortis,100,Geodia barretti,"93,21",Stryphnus fortis,Porifera,Demospongiae,Tetractinellida,Ancorinidae,Stryphnus,Stryphnus fortis,1006811,BOLD:ACB4853,concordant,multiple,OZ240303,OZ238549,VMEFC056-25
FC-22-011-18,11,31,Stryphnus sp.,Porifera,Demospongiae,Tetractinellida,Ancorinidae,Stryphnus,NA,77190,LTR,LTR,LTR,Stryphnus fortis,"99,7",Stryphnus ponderosus ,"99,69",Geodia barretti,"93,19",Stryphnus fortis,Porifera,Demospongiae,Tetractinellida,Ancorinidae,Stryphnus,Stryphnus fortis,1006811,BOLD:ACB4853,concordant,multiple,OZ240304,OZ238550,VMEFC057-25
FC-22-011-19,11,31,Geodia macandrewii,Porifera,Demospongiae,Tetractinellida,Geodiidae,Geodia,Geodia macandrewii,519544,1,0,0,Geodia macandrewii,"99,84",Geodia macandrewii,"99,83",Geodia barretti,"97,83",Geodia aff. macandrewii,Porifera,Demospongiae,Tetractinellida,Geodiidae,Geodia,Geodia aff. macandrewii MPL-2024,3384880,BOLD:ACE5193,concordant,morphological,OZ240305,OZ238551,VMEFC058-25
FC-22-011-20,11,31,Echinothuriidae,Echinodermata,Echinoidea,Echinothurioida,Echinothuriidae,NA,NA,41370,LTR,LTR,LTR,Hygrosoma sp.,"97,88",Hygrosoma sp.,"99,02",Hygrosoma sp.,"99,2",Hygrosoma petersii,Echinodermata,Echinoidea,Echinothurioida,Echinothuriidae,Hygrosoma,Hygrosoma petersii,3252947,BOLD:AAI2272,concordant,morphological,OZ240306,OZ238552,VMEFC059-25
FC-22-011-21,11,31,Geodia macandrewii,Porifera,Demospongiae,Tetractinellida,Geodiidae,Geodia,Geodia macandrewii,519544,1,0,0,Geodia macandrewii,100,Geodia macandrewii,100,Geodia barretti,"97,83",NA,Porifera,Demospongiae,Tetractinellida,Geodiidae,Geodia,Geodia macandrewii,519544,BOLD:ACE5193,concordant,multiple,OZ240307,OZ238553,VMEFC060-25
FC-22-011-22,11,31,Geodia macandrewii,Porifera,Demospongiae,Tetractinellida,Geodiidae,Geodia,Geodia macandrewii,519544,1,0,0,Geodia macandrewii,100,Geodia macandrewii,100,Geodia barretti,"97,74",NA,Porifera,Demospongiae,Tetractinellida,Geodiidae,Geodia,Geodia macandrewii,519544,BOLD:ACE5193,concordant,multiple,OZ240308,OZ238554,VMEFC061-25
FC-22-011-23,11,31,Polychaeta,Annelida,Polychaeta,NA,NA,NA,NA,6341,LTR,LTR,LTR,Eunice antarctica,"98,25",Eunice pennatta,"98,62",Eunice antarctica,"99,04",Eunicidae,Annelida,Polychaeta,Eunicida,Eunicidae,NA,Eunicidae sp. MPL-2024,3384860,BOLD:AAY3500,multiple,morphological,OZ240309,OZ238555,VMEFC062-25
FC-22-011-24,11,31,Ophiuroidea,Echinodermata,Ophiuroidea,NA,NA,NA,NA,7618,LTR,LTR,LTR,NA,NA,NA,NA,NA,NA,NA,NA,NA,NA,NA,NA,NA,NA,NA,NA,NA,NA,NA,NA
FC-22-012-01,12,31,Colossendeis colossea,Arthropoda,Pycnogonida,Pantopoda,Colossendeidae,Colossendeis,Colossendeis colossea,424463,1,1,1,Colossendeis angusta,"99,69",Colossendeis angusta,"99,69",Decolopoda australis,"96,67",Colossendeis angusta,Arthropoda,Pycnogonida,Pantopoda,Colossendeidae,Colossendeis,Colossendeis angusta,619817,BOLD:AAN2714,multiple,multiple,OZ240310,OZ238556,VMEFC063-25
FC-22-012-02,12,31,Gnathophausia zoea,Arthropoda,Malacostraca,Lophogastrida,Gnathophausiidae,Gnathophausia,Gnathophausia zoea,314074,1,1,1,Gnathophausia zoea,"99,66",Gnathophausia zoea,"99,51",NA,NA,NA,Arthropoda,Malacostraca,Lophogastrida,Gnathophausiidae,Gnathophausia,Gnathophausia zoea,314074,BOLD:AAD5774,multiple,multiple,OZ240311,NA,VMEFC064-25
FC-22-012-03,12,31,Stereomastis nana,Arthropoda,Malacostraca,Decapoda,Polychelidae,Stereomastis,Stereomastis nana,1129396,1,1,0,Stereomastis nana,"99,47",Stereomastis nana,"99,47",Stereomastis panglao,"94,96",NA,Arthropoda,Malacostraca,Decapoda,Polychelidae,Stereomastis,Stereomastis nana,1129396,BOLD:AAI0100,concordant,multiple,OZ240312,OZ238557,VMEFC065-25
FC-22-012-04,12,31,Phormosoma placenta,Echinodermata,Echinoidea,Echinothurioida,Phormosomatidae,Phormosoma,Phormosoma placenta,3258253,0,0,0,Caenopedina pulchella,"99,01",Phormosoma rigidum,"99,5",Caenopedina pulchella,"99,61",NA,Echinodermata,Echinoidea,Echinothurioida,Phormosomatidae,Phormosoma,Phormosoma placenta,3258253,BOLD:AAE0357,concordant,morphological,OZ240313,OZ238558,VMEFC066-25
FC-22-012-05,12,31,Hippasteria phrygiana,Echinodermata,Asteroidea,Valvatida,Goniasteridae,Hippasteria,Hippasteria phrygiana,1277726,1,1,0,Hyppasteria phrygiana,100,Hyppasteria phrygiana,100,Hippasteria phrygiana,"99,83",NA,Echinodermata,Asteroidea,Valvatida,Goniasteridae,Hippasteria,Hippasteria phrygiana,1277726,BOLD:AAE4144,concordant,multiple,OZ240314,OZ238559,VMEFC067-25
FC-22-012-06,12,31,Echinothuriidae,Echinodermata,Echinoidea,Echinothurioida,Echinothuriidae,NA,NA,41370,LTR,LTR,LTR,Hygrosoma sp.,"99,19",Hygrosoma sp.,99,Hygrosoma sp.,"99,4",Hygrosoma petersii,Echinodermata,Echinoidea,Echinothurioida,Echinothuriidae,Hygrosoma,Hygrosoma petersii,3252947,BOLD:AAI2272,concordant,morphological,OZ240315,OZ238560,VMEFC068-25
FC-22-012-07,12,31,Echinothuriidae,Echinodermata,Echinoidea,Echinothurioida,Echinothuriidae,NA,NA,41370,LTR,LTR,LTR,Hygrosoma sp.,"98,02",Hygrosoma sp.,"99,01",Hygrosoma sp.,"99,4",Hygrosoma petersii,Echinodermata,Echinoidea,Echinothurioida,Echinothuriidae,Hygrosoma,Hygrosoma petersii,3252947,BOLD:AAI2272,concordant,morphological,OZ240316,OZ238561,VMEFC069-25
FC-22-014-01,14,23,Stereomastis sculpta,Arthropoda,Malacostraca,Decapoda,Polychelidae,Stereomastis,Stereomastis sculpta,1522709,1,1,1,Stereomastis sculpta,"99,85",Stereomastis sculpta,"99,85",Stereomastis sculpta,"99,7",NA,Arthropoda,Malacostraca,Decapoda,Polychelidae,Stereomastis,Stereomastis sculpta,1522709,BOLD:AAL0092,concordant,multiple,OZ240317,OZ238562,VMEFC070-25
FC-22-014-02,14,23,Stereomastis nana,Arthropoda,Malacostraca,Decapoda,Polychelidae,Stereomastis,Stereomastis nana,1129396,1,1,0,Stereomastis nana,100,Stereomastis nana,"99,32",Polycheles typhlops,"94,04",NA,Arthropoda,Malacostraca,Decapoda,Polychelidae,Stereomastis,Stereomastis nana,1129396,BOLD:AAI0100,concordant,multiple,OZ240318,OZ238563,VMEFC071-25
FC-22-014-03,14,23,Zoroaster fulgens,Echinodermata,Asteroidea,Forcipulatida,Zoroasteridae,Zoroaster,Zoroaster fulgens,231629,1,0,1,Zoroaster ophiactis ,"97,26",No match,NA,Zoroaster ophiactis,"99,83",NA,Echinodermata,Asteroidea,Forcipulatida,Zoroasteridae,Zoroaster,Zoroaster fulgens,231629,BOLD:AHI8260,concordant,multiple,OZ240319,OZ238564,VMEFC072-25
FC-22-014-04,14,23,Zoroaster fulgens,Echinodermata,Asteroidea,Forcipulatida,Zoroasteridae,Zoroaster,Zoroaster fulgens,231629,1,0,1,Zoroaster ophiactis ,"97,42",No match,NA,Zoroaster ophiactis,"99,83",NA,Echinodermata,Asteroidea,Forcipulatida,Zoroasteridae,Zoroaster,Zoroaster fulgens,231629,BOLD:AHI8260,concordant,multiple,OZ240320,OZ238565,VMEFC073-25
FC-22-014-05,14,23,Stauroteuthis syrtensis,Mollusca,Cephalopoda,Octopoda,Stauroteuthidae,Stauroteuthis,Stauroteuthis syrtensis,61746,1,1,1,Stauroteuthis syrtensis,"99,5",Stauroteuthis syrtensis,"99,5",Stauroteuthis syrtensis,"99,79",NA,Mollusca,Cephalopoda,Octopoda,Stauroteuthidae,Stauroteuthis,Stauroteuthis syrtensis,61746,BOLD:AAJ5099,concordant,genetic,OZ240321,OZ238566,VMEFC074-25
FC-22-015-01,15,23,Stephanauge nexilis,Cnidaria,Hexacorallia,Actiniaria,Amphianthidae,Stephanauge,Stephanauge nexilis,1460104,1,1,0,Stephanauge nexilis,100,Stephanauge nexilis,100,NA,NA,NA,Cnidaria,Hexacorallia,Actiniaria,Amphianthidae,Stephanauge,Stephanauge nexilis,1460104,BOLD:ABV1102,multiple,multiple,OZ240322,NA,VMEFC075-25
FC-22-015-02,15,23,Radicipes gracilis,Cnidaria,Octocorallia,Scleralcyonacea,Chrysogorgiidae,Radicipes,Radicipes gracilis,360004,1,1,0,Radicipes gracilis ,"99,68",Radicipes gracilis,"99,84",Radicipes sp.,"99,44",NA,Cnidaria,Octocorallia,Scleralcyonacea,Chrysogorgiidae,Radicipes,Radicipes gracilis,360004,BOLD:AAI8032,concordant,multiple,OZ240323,OZ238567,VMEFC076-25
FC-22-015-03,15,23,Radicipes gracilis,Cnidaria,Octocorallia,Scleralcyonacea,Chrysogorgiidae,Radicipes,Radicipes gracilis,360004,1,1,0,Radicipes gracilis ,100,Radicipes gracilis,100,Radicipes sp.,"99,83",NA,Cnidaria,Octocorallia,Scleralcyonacea,Chrysogorgiidae,Radicipes,Radicipes gracilis,360004,BOLD:AAI8032,concordant,multiple,OZ240324,OZ238568,VMEFC077-25
FC-22-015-04,15,23,Funiculina quadrangularis,Cnidaria,Octocorallia,Scleralcyonacea,Funiculinidae,Funiculina,Funiculina quadrangularis,68568,1,1,1,Funiculina quadrangularis,"99,69",Funiculina quadrangularis,"99,84",Funiculina quadrangularis,100,NA,Cnidaria,Octocorallia,Scleralcyonacea,Funiculinidae,Funiculina,Funiculina quadrangularis,68568,BOLD:ACH6793,concordant,multiple,OZ240325,OZ238569,VMEFC078-25
FC-22-017-01,17,21,Heteropolypus sp.,Cnidaria,Octocorallia,Scleralcyonacea,Coralliidae,Heteropolypus,NA,1826360,LTR,LTR,LTR,Anthomasthinae sp.,"99,2",Anthomastus ritteri,"99,84",Anthomastinae sp.,99,NA,Cnidaria,Octocorallia,Scleralcyonacea,Coralliidae,Heteropolypus,Heteropolypus sol,2931934,BOLD:AAD3482,concordant,biogeographic,OZ240326,OZ238570,VMEFC079-25
FC-22-017-02,17,21,Nephtheidae,Cnidaria,Octocorallia,Malacalcyonacea,Nephtheidae,NA,NA,51108,LTR,LTR,LTR,Muriceopsis flavida,"81,02",No match,NA,NA,NA,Pseudodrifa sp.,Cnidaria,Octocorallia,Malacalcyonacea,Capnellidae,Pseudodrifa,Pseudodrifa sp.,3097313,BOLD:ADG6013,multiple,morphological,OZ240327,NA,VMEFC080-25
FC-22-017-03,17,21,Notostomus sp.,Arthropoda,Malacostraca,Decapoda,Acanthephyridae,Notostomus,NA,2775902,LTR,LTR,LTR,Notostomus elegans,100,Notostomus elegans,100,Notostomus elegans,100,NA,Arthropoda,Malacostraca,Decapoda,Acanthephyridae,Notostomus,Notostomus elegans,1582874,BOLD:AAX5792,concordant,genetic,OZ240328,OZ238571,VMEFC081-25
FC-22-017-04,17,21,Henricia sp.,Echinodermata,Asteroidea,Spinulosida,Echinasteridae,Henricia,NA,60577,LTR,LTR,LTR,NA,NA,NA,NA,Henricia sp. CLADE A,100,Henricia lisa ingolfi,Echinodermata,Asteroidea,Spinulosida,Echinasteridae,Henricia,Henricia lisa ingolfi,3384885,NA,concordant,morphological,NA,OZ238572,VMEFC082-25
FC-22-017-05,17,21,Pontophilus norvegicus,Arthropoda,Malacostraca,Decapoda,Crangonidae,Pontophilus,Pontophilus norvegicus,587160,1,1,1,Pontophilus norvegicus,"99,14",Pontophilus norvegicus,"99,48",NA,NA,NA,Arthropoda,Malacostraca,Decapoda,Crangonidae,Pontophilus,Pontophilus norvegicus,587160,BOLD:AAF7822,concordant,multiple,OZ240329,NA,VMEFC083-25
FC-22-017-06,17,21,Mediaster bairdi,Echinodermata,Asteroidea,Valvatida,Goniasteridae,Mediaster,Mediaster bairdi,655526,0,0,1,NA,NA,NA,NA,Mediaster bairdi,"99,66",NA,Echinodermata,Asteroidea,Valvatida,Goniasteridae,Mediaster,Mediaster bairdi,655526,NA,concordant,multiple,NA,OZ238573,VMEFC084-25
FC-22-017-07,17,21,Psilaster andromeda,Echinodermata,Asteroidea,Paxillosida,Astropectinidae,Psilaster,Psilaster andromeda,1898583,1,1,0,Antalis entalis,"95,38",No match,NA,Antalis entalis,"99,18",Antalis entalis,Mollusca,Scaphopoda,Dentaliida,Dentaliidae,Antalis,Antalis entalis,211836,BOLD:AHJ6227,multiple,multiple,OZ240330,OZ238574,VMEFC085-25
FC-22-017-08,17,21,Actinostolidae,Cnidaria,Hexacorallia,Actiniaria,Actinostolidae,NA,NA,86589,LTR,LTR,LTR,Actinostola georgiana,100,Actinostola sp.,100,NA,NA,Actinostola callosa,Cnidaria,Hexacorallia,Actiniaria,Actinostolidae,Actinostola,Actinostola callosa,2887286,BOLD:AAP1192,multiple,multiple,OZ240331,NA,VMEFC086-25
FC-22-017-09,17,21,Hormathiidae,Cnidaria,Hexacorallia,Actiniaria,Hormathiidae,NA,NA,42824,LTR,LTR,LTR,Hormathiidae sp.,100,Actinauge abyssorum,100,NA,NA,Phelliactis sp.,Cnidaria,Hexacorallia,Actiniaria,Hormathiidae,Phelliactis,Phelliactis sp. MPL-2024,3384854,BOLD:AAE3706,concordant,morphological,OZ240332,NA,VMEFC087-25
FC-22-017-10,17,21,Hormathiidae,Cnidaria,Hexacorallia,Actiniaria,Hormathiidae,NA,NA,42824,LTR,LTR,LTR,NA,NA,NA,NA,NA,NA,NA,NA,NA,NA,NA,NA,NA,NA,NA,NA,NA,NA,NA,NA
FC-22-017-11,17,21,Flabellum alabastrum,Cnidaria,Hexacorallia,Scleractinia,Flabellidae,Flabellum,Flabellum alabastrum,2305781,1,0,1,NA,NA,NA,NA,NA,NA,NA,NA,NA,NA,NA,NA,NA,NA,NA,NA,NA,NA,NA,NA
FC-22-017-12,17,21,Flabellum alabastrum,Cnidaria,Hexacorallia,Scleractinia,Flabellidae,Flabellum,Flabellum alabastrum,2305781,1,0,1,Flabellum (Ulocyathus) alabastrum,100,Flabellidae,"98,41",NA,NA,NA,Cnidaria,Hexacorallia,Scleractinia,Flabellidae,Flabellum,Flabellum (Ulocyathus) alabastrum,2305781,NA,concordant,multiple,OZ240333,NA,VMEFC088-25
FC-22-017-13,17,21,Balticina finmarchica,Cnidaria,Octocorallia,Scleralcyonacea,Balticinidae,Balticina,Balticina finmarchica,2899797,1,0,1,Balticina finmarchica,"99,52",Balticina finmarchica,"99,51",NA,NA,NA,Cnidaria,Octocorallia,Scleralcyonacea,Balticinidae,Balticina,Balticina finmarchica,2899797,BOLD:ABX8941,concordant,multiple,OZ240334,NA,VMEFC089-25
FC-22-017-14,17,21,Stephanauge nexilis,Cnidaria,Hexacorallia,Actiniaria,Amphianthidae,Stephanauge,Stephanauge nexilis,1460104,1,1,0,Stephanauge nexilis,"99,84",Stephanauge nexilis,100,NA,NA,NA,Cnidaria,Hexacorallia,Actiniaria,Amphianthidae,Stephanauge,Stephanauge nexilis,1460104,BOLD:ABV1102,multiple,multiple,OZ240335,NA,VMEFC090-25
FC-22-018-01,18,21,Parapasiphae sulcatifrons,Arthropoda,Malacostraca,Decapoda,Pasiphaeidae,Parapasiphae,Parapasiphae sulcatifrons,342619,1,1,1,Parapasiphae sulcatifrons,"99,85",Parapasiphae sulcatifrons,"99,85",NA,NA,NA,Arthropoda,Malacostraca,Decapoda,Pasiphaeidae,Parapasiphae,Parapasiphae sulcatifrons,342619,BOLD:AAF7301,multiple,multiple,OZ240336,NA,VMEFC091-25
FC-22-018-02,18,21,Stereomastis nana,Arthropoda,Malacostraca,Decapoda,Polychelidae,Stereomastis,Stereomastis nana,1129396,1,1,0,Stereomastis nana,"99,83",Stereomastis nana,100,Stereomastis panglao,"95,55",NA,Arthropoda,Malacostraca,Decapoda,Polychelidae,Stereomastis,Stereomastis nana,1129396,BOLD:AAI0100,concordant,multiple,OZ240337,OZ238575,VMEFC092-25
FC-22-018-03,18,21,Pasiphaea tarda,Arthropoda,Malacostraca,Decapoda,Pasiphaeidae,Pasiphaea,Pasiphaea tarda,98099,1,1,0,Pasiphaea tarda,100,Pasiphaea tarda,"99,68",Pasiphaea merriami,"94,24",NA,Arthropoda,Malacostraca,Decapoda,Pasiphaeidae,Pasiphaea,Pasiphaea tarda,98099,BOLD:AAB9072,multiple,multiple,OZ240338,OZ238576,VMEFC093-25
FC-22-018-04,18,21,Pontophilus norvegicus,Arthropoda,Malacostraca,Decapoda,Crangonidae,Pontophilus,Pontophilus norvegicus,587160,1,1,1,Pontophilus norvegicus,"99,7",Pontophilus norvegicus,"99,69",Pontophilus norvegicus,100,NA,Arthropoda,Malacostraca,Decapoda,Crangonidae,Pontophilus,Pontophilus norvegicus,587160,BOLD:AAF7822,concordant,multiple,OZ240339,OZ238577,VMEFC094-25
FC-22-018-05,18,21,Flabellum alabastrum,Cnidaria,Hexacorallia,Scleractinia,Flabellidae,Flabellum,Flabellum alabastrum,2305781,1,0,1,Flabellum (Ulocyathus) alabastrum,100,Flabellum apertum,"99,48",NA,NA,NA,Cnidaria,Hexacorallia,Scleractinia,Flabellidae,Flabellum,Flabellum (Ulocyathus) alabastrum,2305781,BOLD:ACH4038,concordant,multiple,OZ240340,NA,VMEFC095-25
FC-22-018-06,18,21,Nephtheidae,Cnidaria,Octocorallia,Malacalcyonacea,Nephtheidae,NA,NA,51108,LTR,LTR,LTR,NA,NA,NA,NA,Metallogorgia melanotrichos,"75,47",NA,Cnidaria,Octocorallia,Malacalcyonacea,Capnellidae,Duva,Duva florida,2931940,NA,concordant,morphological,NA,OZ238578,VMEFC096-25
FC-22-018-07,18,21,Mediaster bairdi,Echinodermata,Asteroidea,Valvatida,Goniasteridae,Mediaster,Mediaster bairdi,655526,0,0,1,Mediaster aequalis,"96,4",No match,NA,Mediaster bairdi,"99,83",NA,Echinodermata,Asteroidea,Valvatida,Goniasteridae,Mediaster,Mediaster bairdi,655526,BOLD:AFR6324,concordant,multiple,OZ240341,OZ238579,VMEFC097-25
FC-22-018-08,18,21,Stryphnus sp.,Porifera,Demospongiae,Tetractinellida,Ancorinidae,Stryphnus,NA,77190,LTR,LTR,LTR,Stryphnus fortis,"99,7",Stryphnus ponderosus ,"99,69",Geodia barretti,"93,21",Stryphnus fortis,Porifera,Demospongiae,Tetractinellida,Ancorinidae,Stryphnus,Stryphnus fortis,1006811,BOLD:ACB4853,concordant,multiple,OZ240342,OZ238580,VMEFC098-25
FC-22-018-09,18,21,Geodia phlegraei,Porifera,Demospongiae,Tetractinellida,Geodiidae,Geodia,Geodia phlegraei,521093,1,1,0,Geodia phlegraei,100,Geodia phlegraei,100,Geodia barretti,"94,85",NA,Porifera,Demospongiae,Tetractinellida,Geodiidae,Geodia,Geodia phlegraei,521093,BOLD:AAY1449,multiple,multiple,OZ240343,OZ238581,VMEFC099-25
FC-22-018-10,18,21,Geodia phlegraei,Porifera,Demospongiae,Tetractinellida,Geodiidae,Geodia,Geodia phlegraei,521093,1,1,0,Geodia parva,100,Geodia phlegraei,100,Geodia barretti,"94,93",Geodia cf. parva,Porifera,Demospongiae,Tetractinellida,Geodiidae,Geodia,Geodia cf. parva MPL-2024,3384881,BOLD:AAY1449,concordant,morphological,OZ240344,OZ238582,VMEFC100-25
FC-22-018-11,18,21,Geodia phlegraei,Porifera,Demospongiae,Tetractinellida,Geodiidae,Geodia,Geodia phlegraei,521093,1,1,0,Geodia parva,100,Geodia phlegraei,100,Geodia barretti,"94,81",Geodia cf. parva,Porifera,Demospongiae,Tetractinellida,Geodiidae,Geodia,Geodia cf. parva MPL-2024,3384881,BOLD:AAY1449,concordant,morphological,OZ240345,OZ238583,VMEFC101-25
FC-22-018-12,18,21,Hormathiidae,Cnidaria,Hexacorallia,Actiniaria,Hormathiidae,NA,NA,42824,LTR,LTR,LTR,Paraphelliactis xishaensis,100,Actinauge abyssorum,"99,85",NA,NA,Phelliactis sp.,Cnidaria,Hexacorallia,Actiniaria,Hormathiidae,Phelliactis,Phelliactis sp. MPL-2024,3384854,BOLD:AAE3706,concordant,morphological,OZ240346,NA,VMEFC102-25
FC-22-018-13,18,21,Histioteuthis bonnellii,Mollusca,Cephalopoda,Oegopsida,Histioteuthidae,Histioteuthis,Histioteuthis bonnellii,2816407,1,0,1,Histioteuthis bonnellii,"99,7",Histioteuthis bonnellii,100,Histioteuthis bonnellii,100,NA,Mollusca,Cephalopoda,Oegopsida,Histioteuthidae,Histioteuthis,Histioteuthis bonnellii,2816407,BOLD:AAX1286,concordant,multiple,OZ240347,OZ238584,VMEFC103-25
FC-22-019-01,19,22,Cirroteuthidae,Mollusca,Cephalopoda,Octopoda,Cirroteuthidae,NA,NA,61700,LTR,LTR,LTR,Stauroteuthis syrtensis,"99,7",Stauroteuthis syrtensis,"99,69",Stauroteuthis syrtensis,"99,8",NA,Mollusca,Cephalopoda,Octopoda,Stauroteuthidae,Stauroteuthis,Stauroteuthis syrtensis,61746,BOLD:AAJ5099,concordant,genetic,OZ240348,OZ238585,VMEFC104-25
FC-22-021-01,21,20,Stephanauge nexilis,Cnidaria,Hexacorallia,Actiniaria,Amphianthidae,Stephanauge,Stephanauge nexilis,1460104,1,1,0,Stephanauge nexilis,"99,85",Stephanauge sp.,100,NA,NA,NA,Cnidaria,Hexacorallia,Actiniaria,Amphianthidae,Stephanauge,Stephanauge nexilis,1460104,BOLD:ABV1102,multiple,multiple,OZ240349,NA,VMEFC105-25
FC-22-021-02,21,20,Flabellum alabastrum,Cnidaria,Hexacorallia,Scleractinia,Flabellidae,Flabellum,Flabellum alabastrum,2305781,1,0,1,Flabellum (Ulocyathus) alabastrum,100,Flabellum apertum,"99,45",NA,NA,NA,Cnidaria,Hexacorallia,Scleractinia,Flabellidae,Flabellum,Flabellum (Ulocyathus) alabastrum,2305781,BOLD:ACH4038,concordant,multiple,OZ240350,NA,VMEFC106-25
FC-22-021-03,21,20,Duva florida,Cnidaria,Octocorallia,Malacalcyonacea,Capnellidae,Duva,Duva florida,2931940,0,0,0,Sclerophytum lochmodes,"79,91",No match,NA,NA,NA,NA,Cnidaria,Octocorallia,Malacalcyonacea,Capnellidae,Duva,Duva florida,2931940,BOLD:ADG6011,concordant,morphological,OZ240351,NA,VMEFC107-25
FC-22-021-04,21,20,Gnathophausia zoea,Arthropoda,Malacostraca,Lophogastrida,Gnathophausiidae,Gnathophausia,Gnathophausia zoea,314074,1,1,1,Gnathophausia zoea,"98,64",Gnathophausia zoea,"99,51",NA,NA,NA,Arthropoda,Malacostraca,Lophogastrida,Gnathophausiidae,Gnathophausia,Gnathophausia zoea,314074,BOLD:ACF5205,multiple,multiple,OZ240352,NA,VMEFC108-25
FC-22-021-05,21,20,Sabinea hystrix,Arthropoda,Malacostraca,Decapoda,Crangonidae,Sabinea,Sabinea hystrix,1129393,1,1,0,Sabinea hystrix,"99,68",Sabinea hystrix,"99,7",NA,NA,NA,Arthropoda,Malacostraca,Decapoda,Crangonidae,Sabinea,Sabinea hystrix,1129393,BOLD:AAF1709,concordant,multiple,OZ240353,NA,VMEFC109-25
FC-22-021-06,21,20,Pasiphaea tarda,Arthropoda,Malacostraca,Decapoda,Pasiphaeidae,Pasiphaea,Pasiphaea tarda,98099,1,1,0,Pasiphaea tarda,100,Pasiphaea tarda,"99,17",Pasiphaea merriami,"94,24",NA,Arthropoda,Malacostraca,Decapoda,Pasiphaeidae,Pasiphaea,Pasiphaea tarda,98099,BOLD:AAB9072,multiple,multiple,OZ240354,OZ238586,VMEFC110-25
FC-22-021-07,21,20,Acanthephyra purpurea,Arthropoda,Malacostraca,Decapoda,Acanthephyridae,Acanthephyra,Acanthephyra purpurea,576170,1,1,1,Acanthephyra pelagica,100,Acanthephyra pelagica,100,Acanthephyra pelagica ,"99,61",NA,Arthropoda,Malacostraca,Decapoda,Acanthephyridae,Acanthephyra,Acanthephyra pelagica,342632,BOLD:AAC7822,multiple,genetic,OZ240355,OZ238587,VMEFC111-25
FC-22-021-08,21,20,Acanthephyra purpurea,Arthropoda,Malacostraca,Decapoda,Acanthephyridae,Acanthephyra,Acanthephyra purpurea,576170,1,1,1,Acanthephyra pelagica,100,Acanthephyra pelagica,100,NA,NA,NA,Arthropoda,Malacostraca,Decapoda,Acanthephyridae,Acanthephyra,Acanthephyra pelagica,342632,BOLD:AAC7822,multiple,genetic,OZ240356,NA,VMEFC112-25
FC-22-021-09,21,20,Atolla sp.,Cnidaria,Scyphozoa,Coronatae,Atollidae,Atolla,NA,86042,LTR,LTR,LTR,Atolla wyvillei,"98,91",Atolla sp.,"99,39",NA,NA,NA,Cnidaria,Scyphozoa,Coronatae,Atollidae,Atolla,Atolla sp. MPL-2024,3384849,BOLD:AAG4832,concordant,multiple,OZ240357,NA,VMEFC113-25
FC-22-021-10,21,20,Atolla sp.,Cnidaria,Scyphozoa,Coronatae,Atollidae,Atolla,NA,86042,LTR,LTR,LTR,Atolla wyvillei,"97,66",Atolla sp.,"98,32",NA,NA,NA,Cnidaria,Scyphozoa,Coronatae,Atollidae,Atolla,Atolla sp. MPL-2024,3384849,BOLD:AAG4832,concordant,multiple,OZ240358,NA,VMEFC114-25
FC-22-021-11,21,20,Periphylla periphylla,Cnidaria,Scyphozoa,Coronatae,Periphyllidae,Periphylla,Periphylla periphylla,880221,1,1,1,Periphylla periphylla,"99,84",Periphylla periphylla,"99,84",NA,NA,NA,Cnidaria,Scyphozoa,Coronatae,Periphyllidae,Periphylla,Periphylla periphylla,880221,BOLD:ACO7920,concordant,multiple,OZ240359,NA,VMEFC115-25
FC-22-021-12,21,20,Periphylla periphylla,Cnidaria,Scyphozoa,Coronatae,Periphyllidae,Periphylla,Periphylla periphylla,880221,1,1,1,Periphylla periphylla,"99,68",Periphylla periphylla,"99,84",NA,NA,NA,Cnidaria,Scyphozoa,Coronatae,Periphyllidae,Periphylla,Periphylla periphylla,880221,BOLD:ACO7920,concordant,multiple,OZ240360,NA,VMEFC116-25
FC-22-021-13,21,20,Periphylla periphylla,Cnidaria,Scyphozoa,Coronatae,Periphyllidae,Periphylla,Periphylla periphylla,880221,1,1,1,Periphylla periphylla,100,Periphylla periphylla,100,NA,NA,NA,Cnidaria,Scyphozoa,Coronatae,Periphyllidae,Periphylla,Periphylla periphylla,880221,BOLD:ACO7920,concordant,multiple,OZ240361,NA,VMEFC117-25
FC-22-027-01,27,28,Stauropathes arctica,Cnidaria,Hexacorallia,Antipatharia,Schizopathidae,Stauropathes,Stauropathes arctica,2666510,1,0,1,Stauropathes arctica,100,Stauropathes punctata,"99,69",NA,NA,NA,Cnidaria,Hexacorallia,Antipatharia,Schizopathidae,Stauropathes,Stauropathes arctica,2666510,BOLD:AHQ4462,concordant,multiple,OZ240362,NA,VMEFC118-25
FC-22-027-02,27,28,Pontophilus norvegicus,Arthropoda,Malacostraca,Decapoda,Crangonidae,Pontophilus,Pontophilus norvegicus,587160,1,1,1,NA,NA,NA,NA,Pontophilus norvegicus,"99,2",NA,Arthropoda,Malacostraca,Decapoda,Crangonidae,Pontophilus,Pontophilus norvegicus,587160,NA,concordant,multiple,NA,OZ238588,VMEFC119-25
FC-22-027-03,27,28,Flabellum alabastrum,Cnidaria,Hexacorallia,Scleractinia,Flabellidae,Flabellum,Flabellum alabastrum,2305781,1,0,1,Flabellum (Ulocyathus) alabastrum,100,Flabellum apertum,"99,47",NA,NA,NA,Cnidaria,Hexacorallia,Scleractinia,Flabellidae,Flabellum,Flabellum (Ulocyathus) alabastrum,2305781,BOLD:ACH4038,concordant,multiple,OZ240363,NA,VMEFC120-25
FC-22-027-04,27,28,Flabellum alabastrum,Cnidaria,Hexacorallia,Scleractinia,Flabellidae,Flabellum,Flabellum alabastrum,2305781,1,0,1,Flabellum (Ulocyathus) alabastrum,100,Flabellum apertum,"99,5",NA,NA,NA,Cnidaria,Hexacorallia,Scleractinia,Flabellidae,Flabellum,Flabellum (Ulocyathus) alabastrum,2305781,BOLD:ACH4038,concordant,multiple,OZ240364,NA,VMEFC121-25
FC-22-027-05,27,28,Pterasteridae,Echinodermata,Asteroidea,Velatida,Pterasteridae,NA,NA,105871,LTR,LTR,LTR,NA,NA,NA,NA,Diplopteraster multipes,"99,2",NA,Echinodermata,Asteroidea,Velatida,Pterasteridae,Diplopteraster,Diplopteraster multipes,465783,NA,concordant,genetic,NA,OZ238589,VMEFC122-25
FC-22-027-06,27,28,Hormathiidae,Cnidaria,Hexacorallia,Actiniaria,Hormathiidae,NA,NA,42824,LTR,LTR,LTR,NA,NA,NA,NA,NA,NA,NA,NA,NA,NA,NA,NA,NA,NA,NA,NA,NA,NA,NA,NA
FC-22-027-07,27,28,Asconema sp.,Porifera,Hexactinellida,Lyssacinosida,Rosellidae,Asconema,NA,1909189,LTR,LTR,LTR,Nodastrella nodastrella,"85,12",No match,NA,NA,NA,Asconema foliatum,Porifera,Hexactinellida,Lyssacinosida,Rosellidae,Asconema,Asconema foliatum,3115542,BOLD:ABV1894,concordant,morphological,OZ240365,NA,VMEFC123-25
FC-22-027-08,27,28,Pasiphaea tarda,Arthropoda,Malacostraca,Decapoda,Pasiphaeidae,Pasiphaea,Pasiphaea tarda,98099,1,1,0,Pasiphaea tarda,"99,84",Pasiphaea tarda,100,Pasiphaea merriami,"94,1",NA,Arthropoda,Malacostraca,Decapoda,Pasiphaeidae,Pasiphaea,Pasiphaea tarda,98099,BOLD:AAB9072,multiple,multiple,OZ240366,OZ238590,VMEFC124-25
FC-22-027-09,27,28,Hormathiidae,Cnidaria,Hexacorallia,Actiniaria,Hormathiidae,NA,NA,42824,LTR,LTR,LTR,Paraphelliactis xishaensis,"99,67",Actinauge sp.,100,NA,NA,Actinauge cristata,Cnidaria,Hexacorallia,Actiniaria,Hormathiidae,Actinauge,Actinauge cristata,3279625,BOLD:AAE3706,multiple,morphological,OZ240367,NA,VMEFC125-25
FC-22-032-01,32,12,Stauropathes arctica,Cnidaria,Hexacorallia,Antipatharia,Schizopathidae,Stauropathes,Stauropathes arctica,2666510,1,0,1,Stauropathes arctica,100,Staurophathes punctata,"99,69",NA,NA,NA,Cnidaria,Hexacorallia,Antipatharia,Schizopathidae,Stauropathes,Stauropathes arctica,2666510,BOLD:AHQ4462,concordant,multiple,OZ240368,NA,VMEFC126-25
FC-22-032-02,32,12,Duva florida,Cnidaria,Octocorallia,Malacalcyonacea,Capnellidae,Duva,Duva florida,2931940,0,0,0,Sclerophytum lochmodes,"79,67",No match,NA,NA,NA,NA,Cnidaria,Octocorallia,Malacalcyonacea,Capnellidae,Duva,Duva florida,2931940,BOLD:ADG6011,concordant,morphological,OZ240369,NA,VMEFC127-25
FC-22-038-01,38,29,Phormosoma placenta,Echinodermata,Echinoidea,Echinothurioida,Phormosomatidae,Phormosoma,Phormosoma placenta,3258253,0,0,0,Caenopedina pulchella,"99,54",Phormosoma bursarium,"99,84",Caenopedina pulchella,"99,64",NA,Echinodermata,Echinoidea,Echinothurioida,Phormosomatidae,Phormosoma,Phormosoma placenta,3258253,BOLD:AAE0357,concordant,morphological,OZ240370,OZ238591,VMEFC128-25
FC-22-038-02,38,29,Gnathophausia zoea,Arthropoda,Malacostraca,Lophogastrida,Gnathophausiidae,Gnathophausia,Gnathophausia zoea,314074,1,1,1,Gnathophausia zoea,"99,49",Gnathophausia zoea,100,NA,NA,NA,Arthropoda,Malacostraca,Lophogastrida,Gnathophausiidae,Gnathophausia,Gnathophausia zoea,314074,BOLD:AAD5774,multiple,multiple,OZ240371,NA,VMEFC129-25
FC-22-038-03,38,29,Acanella arbuscula,Cnidaria,Octocorallia,Scleralcyonacea,Keratoisididae,Acanella,Acanella arbuscula,44213,1,1,1,Keratoisididae sp.,"99,85",Acanella arbuscula,"99,85",Acanella sp.,100,NA,Cnidaria,Octocorallia,Scleralcyonacea,Keratoisididae,Acanella,Acanella arbuscula,44213,BOLD:AGX9791,concordant,multiple,OZ240372,OZ238592,VMEFC130-25
FC-22-038-04,38,29,Acanthephyra pelagica,Arthropoda,Malacostraca,Decapoda,Acanthephyridae,Acanthephyra,Acanthephyra pelagica,342632,1,1,1,Acanthephyra pelagica,100,Acanthephyra pelagica,100,Acanthephyra pelagica,"99,25",NA,Arthropoda,Malacostraca,Decapoda,Acanthephyridae,Acanthephyra,Acanthephyra pelagica,342632,BOLD:AAC7822,multiple,multiple,OZ240373,OZ238593,VMEFC131-25
FC-22-038-05,38,29,Balticina finmarchica,Cnidaria,Octocorallia,Scleralcyonacea,Balticinidae,Balticina,Balticina finmarchica,2899797,1,0,1,Balticina finmarchica,"99,85",Balticina finmarchica,100,NA,NA,NA,Cnidaria,Octocorallia,Scleralcyonacea,Balticinidae,Balticina,Balticina finmarchica,2899797,BOLD:ABX8941,concordant,multiple,OZ240374,NA,VMEFC132-25
FC-22-038-06,38,29,Taonius pavo,Mollusca,Cephalopoda,Oegopsida,Cranchiidae,Taonius,Taonius pavo,559551,1,1,1,Teuthowenia megalops,100,Teuthowenia megalops,100,NA,NA,NA,Mollusca,Cephalopoda,Oegopsida,Cranchiidae,Teuthowenia,Teuthowenia megalops,279102,BOLD:AAW6796,concordant,genetic,OZ240375,NA,VMEFC133-25
FC-22-038-07,38,29,Cirroteuthidae,Mollusca,Cephalopoda,Octopoda,Cirroteuthidae,NA,NA,61700,LTR,LTR,LTR,NA,NA,NA,NA,Stauroteuthis syrtensis,100,Stauroteuthis syrtensis,Mollusca,Cephalopoda,Octopoda,Stauroteuthidae,Stauroteuthis,Stauroteuthis syrtensis,61746,NA,concordant,genetic,NA,OZ238594,VMEFC134-25
FC-22-039-01,39,28,Duva florida,Cnidaria,Octocorallia,Malacalcyonacea,Capnellidae,Duva,Duva florida,2931940,0,0,0,Sclerophytum lochmodes,"79,49",No match,NA,NA,NA,NA,Cnidaria,Octocorallia,Malacalcyonacea,Capnellidae,Duva,Duva florida,2931940,BOLD:ADG6011,concordant,morphological,OZ240376,NA,VMEFC135-25
FC-22-039-02,39,28,Pontophilus norvegicus,Arthropoda,Malacostraca,Decapoda,Crangonidae,Pontophilus,Pontophilus norvegicus,587160,1,1,1,Pontophilus norvegicus,"99,85",Pontophilus norvegicus,"99,46",NA,NA,NA,Arthropoda,Malacostraca,Decapoda,Crangonidae,Pontophilus,Pontophilus norvegicus,587160,BOLD:AAF7822,concordant,multiple,OZ240377,NA,VMEFC136-25
FC-22-039-03,39,28,Phormosoma placenta,Echinodermata,Echinoidea,Echinothurioida,Phormosomatidae,Phormosoma,Phormosoma placenta,3258253,0,0,0,Caenopedina pulchella,"99,24",Phormosoma bursarium,"99,68",Caenopedina pulchella,"99,64",NA,Echinodermata,Echinoidea,Echinothurioida,Phormosomatidae,Phormosoma,Phormosoma placenta,3258253,BOLD:AAE0357,concordant,morphological,OZ240378,OZ238595,VMEFC137-25
FC-22-039-04,39,28,Flabellum alabastrum,Cnidaria,Hexacorallia,Scleractinia,Flabellidae,Flabellum,Flabellum alabastrum,2305781,1,0,1,Flabellum (Ulocyathus) alabastrum,100,Flabellum apertum,"99,5",NA,NA,NA,Cnidaria,Hexacorallia,Scleractinia,Flabellidae,Flabellum,Flabellum (Ulocyathus) alabastrum,2305781,BOLD:ACH4038,concordant,multiple,OZ240379,NA,VMEFC138-25
FC-22-039-05,39,28,Ascidiacea,Chordata,Ascidiacea,NA,NA,NA,NA,7713,LTR,LTR,LTR,NA,NA,NA,NA,NA,NA,NA,NA,NA,NA,NA,NA,NA,NA,NA,NA,NA,NA,NA,NA
FC-22-039-06,39,28,Ascidiacea,Chordata,Ascidiacea,NA,NA,NA,NA,7713,LTR,LTR,LTR,Ascidiella scabra,"82,08",No match,NA,NA,NA,Molgulidae,Chordata,Ascidiacea,Stolidobranchia,Molgulidae,NA,Molgulidae sp. MPL-2024,3384857,NA,no_bin,morphological,OZ240380,NA,VMEFC139-25
FC-22-039-07,39,28,Heteropolypus sp.,Cnidaria,Octocorallia,Scleralcyonacea,Coralliidae,Heteropolypus,NA,1826360,LTR,LTR,LTR,Anthomastinae sp.,"99,24",Anthomastus sp.,"99,83",Anthomastinae sp.,"99,15",NA,Cnidaria,Octocorallia,Scleralcyonacea,Coralliidae,Heteropolypus,Heteropolypus sol,2931934,BOLD:AAD3482,concordant,biogeographic,OZ240381,OZ238596,VMEFC140-25
FC-22-039-08,39,28,Heteropolypus sp.,Cnidaria,Octocorallia,Scleralcyonacea,Coralliidae,Heteropolypus,NA,1826360,LTR,LTR,LTR,Anthomastinae sp.,"99,24",Anthomastus sp.,"99,83",Anthomastinae sp.,"99,15",NA,Cnidaria,Octocorallia,Scleralcyonacea,Coralliidae,Heteropolypus,Heteropolypus sol,2931934,BOLD:AAD3482,concordant,biogeographic,OZ240382,OZ238597,VMEFC141-25
FC-22-039-09,39,28,Hormathiidae,Cnidaria,Hexacorallia,Actiniaria,Hormathiidae,NA,NA,42824,LTR,LTR,LTR,Paraphelliactis xishaensis,"99,54",Actinauge sp.,100,NA,NA,Actinauge cristata,Cnidaria,Hexacorallia,Actiniaria,Hormathiidae,Actinauge,Actinauge cristata,3279625,BOLD:AAE3706,multiple,morphological,OZ240383,NA,VMEFC142-25
FC-22-039-10,39,28,Buccinum sp.,Mollusca,Gastropoda,Neogastropoda,Buccinidae,Buccinum,NA,37540,LTR,LTR,LTR,Buccinum undatum,"97,87",Buccinum cyaneum,"98,03",Buccinum undatum,"99,61",Buccinum cf. hydrophanum,Mollusca,Gastropoda,Neogastropoda,Buccinidae,Buccinum,Buccinum cf. hydrophanum MPL-2024,3384879,BOLD:AHJ6776,concordant,morphological,OZ240384,OZ238598,VMEFC143-25
FC-22-042-01,42,19,Stauropathes arctica,Cnidaria,Hexacorallia,Antipatharia,Schizopathidae,Stauropathes,Stauropathes arctica,2666510,1,0,1,Stauropathes arctica,100,Stauropathes punctata,"99,69",NA,NA,NA,Cnidaria,Hexacorallia,Antipatharia,Schizopathidae,Stauropathes,Stauropathes arctica,2666510,BOLD:AHQ4462,concordant,multiple,OZ240385,NA,VMEFC144-25
FC-22-042-02,42,19,Astarte sp.,Mollusca,Bivalvia,Carditida,Astartidae,Astarte,NA,98290,LTR,LTR,LTR,Astarte sulcata,"93,25",No match,NA,NA,NA,Astarte cf. sulcata,Mollusca,Bivalvia,Carditida,Astartidae,Astarte,Astarte cf. sulcata MPL-2024,3384878,BOLD:AHJ5891,multiple,morphological,OZ240386,NA,VMEFC145-25
FC-22-042-03,42,19,Limopsis sp.,Mollusca,Bivalvia,Order,Limopsidae,Limposis,NA,182168,LTR,LTR,LTR,Limopsis cristata,"99,19",No match,NA,NA,NA,NA,Mollusca,Bivalvia,Order,Limopsidae,Limposis,Limopsis cristata,3014137,BOLD:AGN6883,concordant,genetic,OZ240387,NA,VMEFC146-25
FC-22-042-04,42,19,Ascidiacea,Chordata,Ascidiacea,NA,NA,NA,NA,7713,LTR,LTR,LTR,Ascidiella scabra,"82,11",No match,NA,NA,NA,Molgulidae,Chordata,Ascidiacea,Stolidobranchia,Molgulidae,NA,Molgulidae sp. MPL-2024,3384857,NA,no_bin,morphological,OZ240388,NA,VMEFC147-25
FC-22-042-05,42,19,Ascidiacea,Chordata,Ascidiacea,NA,NA,NA,NA,7713,LTR,LTR,LTR,Ascidiella scabra,"81,07",No match,NA,NA,NA,Molgulidae,Chordata,Ascidiacea,Stolidobranchia,Molgulidae,NA,Molgulidae sp. MPL-2024,3384857,NA,no_bin,morphological,OZ240389,NA,VMEFC148-25
FC-22-042-06,42,19,Terebratulina septentrionalis,Brachiopoda,Rhynchonellata,Terebratulida,Cancellothyrididae,Terebratulina,Terebratulina septentrionalis,69648,0,0,1,Zygonaria davidsoni,"80,76",No match,NA,Terebratulina septentrionalis,100,NA,Brachiopoda,Rhynchonellata,Terebratulida,Cancellothyrididae,Terebratulina,Terebratulina septentrionalis,69648,BOLD:ADG5594,multiple,multiple,OZ240390,OZ238599,VMEFC149-25
FC-22-042-07,42,19,Ophiopholis aculeata,Echinodermata,Ophiuroidea,Amphilepidida,Ophiopholidae,Ophiopholis,Ophiopholis aculeata,35052,1,1,1,Ophiopholis aculeata,"99,7",Ophiopholis aculeata,"99,84",NA,NA,NA,Echinodermata,Ophiuroidea,Amphilepidida,Ophiopholidae,Ophiopholis,Ophiopholis aculeata,35052,BOLD:AAA9003,multiple,multiple,OZ240391,NA,VMEFC150-25
FC-22-042-08,42,19,Nephtheidae,Cnidaria,Octocorallia,Malacalcyonacea,Nephtheidae,NA,NA,51108,LTR,LTR,LTR,Muriceopsis flavida,"82,69",No match,NA,Anthomastus sp.,"82,58",Pseudodrifa sp.,Cnidaria,Octocorallia,Malacalcyonacea,Capnellidae,Pseudodrifa,Pseudodrifa sp.,3097313,BOLD:AHJ0458,multiple,morphological,OZ240392,OZ238600,VMEFC151-25
FC-22-042-09,42,19,Nephtheidae,Cnidaria,Octocorallia,Malacalcyonacea,Nephtheidae,NA,NA,51108,LTR,LTR,LTR,Sclerophytum lochmodes,"79,97",No match,NA,Chrysogorgia sp.,"77,93",NA,Cnidaria,Octocorallia,Malacalcyonacea,Capnellidae,Duva,Duva florida,2931940,BOLD:ADG6011,concordant,morphological,OZ240393,OZ238601,VMEFC152-25
FC-22-042-10,42,19,Psilaster andromeda,Echinodermata,Asteroidea,Paxillosida,Astropectinidae,Psilaster,Psilaster andromeda,1898583,1,1,0,NA,NA,NA,NA,Psilaster pectinatus,"98,67",Psilaster andromeda,Echinodermata,Asteroidea,Paxillosida,Astropectinidae,Psilaster,Psilaster andromeda,1898583,NA,multiple,morphological,NA,OZ238602,VMEFC153-25
FC-22-042-11,42,19,Heteropolypus sp.,Cnidaria,Octocorallia,Scleralcyonacea,Coralliidae,Heteropolypus,NA,1826360,LTR,LTR,LTR,Anthomastinae sp.,"99,2",Anthomastus ritteri ,"99,83",Anthomastinae sp.,"98,9",NA,Cnidaria,Octocorallia,Scleralcyonacea,Coralliidae,Heteropolypus,Heteropolypus sol,2931934,BOLD:AAD3482,concordant,biogeographic,OZ240394,OZ238603,VMEFC154-25
FC-22-042-12,42,19,Hippasteria phrygiana,Echinodermata,Asteroidea,Valvatida,Goniasteridae,Hippasteria,Hippasteria phrygiana,1277726,1,1,0,NA,NA,NA,NA,Hippasteria phrygiana,"99,5",NA,Echinodermata,Asteroidea,Valvatida,Goniasteridae,Hippasteria,Hippasteria phrygiana,1277726,NA,concordant,multiple,NA,OZ238604,VMEFC155-25
FC-22-046-01,46,7,Ceramaster granularis,Echinodermata,Asteroidea,Valvatida,Goniasteridae,Ceramaster,Ceramaster granularis,3254089,0,0,0,NA,NA,NA,NA,Ceramaster patagonicus,100,NA,Echinodermata,Asteroidea,Valvatida,Goniasteridae,Ceramaster,Ceramaster granularis,3254089,NA,concordant,morphological,NA,OZ238605,VMEFC156-25
FC-22-046-02,46,7,Stomphia coccinea,Cnidaria,Hexacorallia,Actiniaria,Actinostolidae,Stomphia,Stomphia coccinea,1929765,1,1,1,Liponema brevicorne,100,Bolocera tuediae,"99,84",NA,NA,Liponema multicorne,Cnidaria,Hexacorallia,Actiniaria,Liponematidae,Liponema,Liponema multicorne,478406,BOLD:AAG1974,multiple,multiple,OZ240395,NA,VMEFC157-25
FC-22-046-03,46,7,Stomphia coccinea,Cnidaria,Hexacorallia,Actiniaria,Actinostolidae,Stomphia,Stomphia coccinea,1929765,1,1,1,Liponema brevicorne,100,Urticina felina,"99,85",NA,NA,Liponema multicorne,Cnidaria,Hexacorallia,Actiniaria,Liponematidae,Liponema,Liponema multicorne,478406,BOLD:AAG1974,multiple,multiple,OZ240396,NA,VMEFC158-25
FC-22-046-04,46,7,Stomphia coccinea,Cnidaria,Hexacorallia,Actiniaria,Actinostolidae,Stomphia,Stomphia coccinea,1929765,1,1,1,NA,NA,NA,NA,NA,NA,Liponema multicorne,NA,NA,NA,NA,NA,NA,NA,NA,NA,NA,NA,NA,NA
FC-22-049-01,49,6,Iophon piceum,Porifera,Demospongiae,Poecilosclerida,Acarnidae,Iophon,Iophon piceum,3293346,0,0,0,NA,NA,NA,NA,NA,NA,NA,NA,NA,NA,NA,NA,NA,NA,NA,NA,NA,NA,NA,NA
FC-22-049-02,49,6,Ceramaster granularis,Echinodermata,Asteroidea,Valvatida,Goniasteridae,Ceramaster,Ceramaster granularis,3254089,0,0,0,NA,NA,NA,NA,Ceramaster patagonicus,100,NA,Echinodermata,Asteroidea,Valvatida,Goniasteridae,Ceramaster,Ceramaster granularis,3254089,NA,concordant,morphological,NA,OZ238606,VMEFC159-25
FC-22-049-03,49,6,Ptychodactis sp.,Cnidaria,Hexacorallia,Actiniaria,Ptychodactinidae,Ptychodactis,NA,3289651,LTR,LTR,LTR,Bolocera tuediae ,100,Urticina felina,100,NA,NA,Bolocera tuediae,Cnidaria,Hexacorallia,Actiniaria,Actiniidae,Bolocera,Bolocera tuediae,1163374,BOLD:AAG1974,multiple,multiple,OZ240397,NA,VMEFC160-25
FC-22-053-01,53,21,Acanella arbuscula,Cnidaria,Octocorallia,Scleralcyonacea,Keratoisididae,Acanella,Acanella arbuscula,44213,1,1,1,Keratoisididae sp.,100,Acanella arbuscula,100,Acanella sp.,100,NA,Cnidaria,Octocorallia,Scleralcyonacea,Keratoisididae,Acanella,Acanella arbuscula,44213,BOLD:AGX9791,concordant,multiple,OZ240398,OZ238607,VMEFC161-25
FC-22-053-02,53,21,Ophiuroidea,Echinodermata,Ophiuroidea,NA,NA,NA,NA,7618,LTR,LTR,LTR,Ophiomusa lymani,"99,85",Ophiomusa lymani,"99,08",Ophiomusa scalare,"86,74",NA,Echinodermata,Ophiuroidea,Ophiurida,Ophiomusaidae,Ophiomusa,Ophiomusa lymani,72729,BOLD:AAF0993,concordant,genetic,OZ240399,OZ238608,VMEFC162-25
FC-22-053-03,53,21,Flabellum alabastrum,Cnidaria,Hexacorallia,Scleractinia,Flabellidae,Flabellum,Flabellum alabastrum,2305781,1,0,1,Flabellum (Ulocyathus) alabastrum,100,Flabellum apertum,"99,5",NA,NA,NA,Cnidaria,Hexacorallia,Scleractinia,Flabellidae,Flabellum,Flabellum (Ulocyathus) alabastrum,2305781,BOLD:ACH4038,concordant,multiple,OZ240400,NA,VMEFC163-25
FC-22-053-04,53,21,Nephtheidae,Cnidaria,Octocorallia,Malacalcyonacea,Nephtheidae,NA,NA,51108,LTR,LTR,LTR,Muriceopsis flavida,"81,02",No match,NA,NA,NA,Pseudodrifa sp.,Cnidaria,Octocorallia,Malacalcyonacea,Capnellidae,Pseudodrifa,Pseudodrifa sp.,3384864,BOLD:ADG6013,multiple,morphological,OZ240401,NA,VMEFC164-25
FC-22-053-05,53,21,Ascidiacea,Chordata,Ascidiacea,NA,NA,NA,NA,7713,LTR,LTR,LTR,NA,NA,NA,NA,NA,NA,NA,NA,NA,NA,NA,NA,NA,NA,NA,NA,NA,NA,NA,NA
FC-22-053-06,53,21,Stryphnus sp.,Porifera,Demospongiae,Tetractinellida,Ancorinidae,Stryphnus,NA,77190,LTR,LTR,LTR,Stryphnus fortis,"99,68",Stryphnus ponderosus ,"99,68",Geodia barretti,"93,21",Strypnus fortis,Porifera,Demospongiae,Tetractinellida,Ancorinidae,Stryphnus,Stryphnus fortis,1006811,BOLD:ACB4853,concordant,multiple,OZ240402,OZ238609,VMEFC165-25
FC-22-053-07,53,21,Buccinum sp.,Mollusca,Gastropoda,Neogastropoda,Buccinidae,Buccinum,NA,37540,LTR,LTR,LTR,Buccinum undatum,"97,87",Buccinum cyaneum,"98,03",Buccinum cyaneum,"99,17",Buccinum cf. hydrophanum,Mollusca,Gastropoda,Neogastropoda,Buccinidae,Buccinum,Buccinum cf. hydrophanum MPL-2024,3384879,BOLD:AHJ6776,concordant,morphological,OZ240403,OZ238610,VMEFC166-25
FC-22-053-08,53,21,Geodia macandrewii,Porifera,Demospongiae,Tetractinellida,Geodiidae,Geodia,Geodia macandrewii,519544,1,0,0,Geodia macandrewii,100,Geodia macandrewii,100,Geodia barretti,"97,56",NA,Porifera,Demospongiae,Tetractinellida,Geodiidae,Geodia,Geodia macandrewii,519544,BOLD:ACE5193,concordant,multiple,OZ240404,OZ238611,VMEFC167-25
FC-22-053-09,53,21,Geodia phlegraei,Porifera,Demospongiae,Tetractinellida,Geodiidae,Geodia,Geodia phlegraei,521093,1,1,0,Geodia phlegraei,100,Geodia phlegraei,100,Geodia barretti,"94,93",NA,Porifera,Demospongiae,Tetractinellida,Geodiidae,Geodia,Geodia phlegraei,521093,BOLD:AAY1449,multiple,multiple,OZ240405,OZ238612,VMEFC168-25
FC-22-053-10,53,21,Geodia phlegraei,Porifera,Demospongiae,Tetractinellida,Geodiidae,Geodia,Geodia phlegraei,521093,1,1,0,Geodia phlegraei,100,Geodia phlegraei,100,Geodia barretti,"94,93",NA,Porifera,Demospongiae,Tetractinellida,Geodiidae,Geodia,Geodia phlegraei,521093,BOLD:AAY1449,multiple,multiple,OZ240406,OZ238613,VMEFC169-25
FC-22-053-11,53,21,Geodia phlegraei,Porifera,Demospongiae,Tetractinellida,Geodiidae,Geodia,Geodia phlegraei,521093,1,1,0,Geodia parva,100,Geodia phlegraei,100,Geodia barretti,"94,93",Geodia cf. parva,Porifera,Demospongiae,Tetractinellida,Geodiidae,Geodia,Geodia cf. parva MPL-2024,3384881,BOLD:AAY1449,concordant,morphological,OZ240407,OZ238614,VMEFC170-25
FC-22-053-12,53,21,Geodia phlegraei,Porifera,Demospongiae,Tetractinellida,Geodiidae,Geodia,Geodia phlegraei,521093,1,1,0,Geodia phlegraei,100,Geodia phlegraei,100,Geodia barretti,"94,93",NA,Porifera,Demospongiae,Tetractinellida,Geodiidae,Geodia,Geodia phlegraei,521093,BOLD:AAY1449,multiple,multiple,OZ240408,OZ238615,VMEFC171-25
FC-22-054-01,54,16,Aristaeopsis edwardsiana,Arthropoda,Malacostraca,Decapoda,Aristeidae,Aristaeopsis,Aristaeopsis edwardsiana,290322,1,1,1,Aristaeopsis edwardsiana,"97,83",Aristaeopsis edwardsiana,"98,4",Aristaeopsis edwardsiana,100,NA,Arthropoda,Malacostraca,Decapoda,Aristeidae,Aristaeopsis,Aristaeopsis edwardsiana,290322,BOLD:AAB2201,concordant,multiple,OZ240409,OZ238616,VMEFC172-25
FC-22-054-02,54,16,Heteropolypus sp.,Cnidaria,Octocorallia,Scleralcyonacea,Coralliidae,Heteropolypus,NA,1826360,LTR,LTR,LTR,Anthomastinae sp.,"99,24",Anthomastus sp.,"99,83",Anthomastinae sp.,"99,15",NA,Cnidaria,Octocorallia,Scleralcyonacea,Coralliidae,Heteropolypus,Heteropolypus sol,2931934,BOLD:AAD3482,concordant,biogeographic,OZ240410,OZ238617,VMEFC173-25
FC-22-054-03,54,16,Heteropolypus sp.,Cnidaria,Octocorallia,Scleralcyonacea,Coralliidae,Heteropolypus,NA,1826360,LTR,LTR,LTR,Anthomastinae sp.,"99,24",Anthomastus sp.,"99,83",Anthomastinae sp.,"98,96",NA,Cnidaria,Octocorallia,Scleralcyonacea,Coralliidae,Heteropolypus,Heteropolypus sol,2931934,BOLD:AAD3482,concordant,biogeographic,OZ240411,OZ238618,VMEFC174-25
FC-22-054-04,54,16,Hormathiidae,Cnidaria,Hexacorallia,Actiniaria,Hormathiidae,NA,NA,42824,LTR,LTR,LTR,Paraphelliactis xishaensis,"99,53",Actinauge sp.,100,NA,NA,Actinauge cristata,Cnidaria,Hexacorallia,Actiniaria,Hormathiidae,Actinauge,Actinauge cristata,3279625,BOLD:AAE3706,multiple,morphological,OZ240412,NA,VMEFC175-25
FC-22-054-05,54,16,Hormathiidae,Cnidaria,Hexacorallia,Actiniaria,Hormathiidae,NA,NA,42824,LTR,LTR,LTR,Paraphelliactis xishaensis,"99,25",Actinauge sp.,100,NA,NA,Actinauge cristata,Cnidaria,Hexacorallia,Actiniaria,Hormathiidae,Actinauge,Actinauge cristata,3279625,BOLD:AAE3706,multiple,morphological,OZ240413,NA,VMEFC176-25
FC-22-054-06,54,16,Hormathiidae,Cnidaria,Hexacorallia,Actiniaria,Hormathiidae,NA,NA,42824,LTR,LTR,LTR,Paraphelliactis xishaensis,"99,66",Actinauge sp.,100,NA,NA,Actinauge cristata,Cnidaria,Hexacorallia,Actiniaria,Hormathiidae,Actinauge,Actinauge cristata,3279625,BOLD:AAE3706,multiple,morphological,OZ240414,NA,VMEFC177-25
FC-22-054-07,54,16,Flabellum alabastrum,Cnidaria,Hexacorallia,Scleractinia,Flabellidae,Flabellum,Flabellum alabastrum,2305781,1,0,1,Flabellum (Ulocyathus) alabastrum,100,Flabellum apertum,"99,49",NA,NA,NA,Cnidaria,Hexacorallia,Scleractinia,Flabellidae,Flabellum,Flabellum (Ulocyathus) alabastrum,2305781,BOLD:ACH4038,concordant,multiple,OZ240415,NA,VMEFC178-25
FC-22-054-08,54,16,Buccinum sp.,Mollusca,Gastropoda,Neogastropoda,Buccinidae,Buccinum,NA,37540,LTR,LTR,LTR,Buccinum undatum,"97,87",Buccinum cyaneum,"98,03",Buccinum cyaenum,"99,22",Buccinum cf. hydrophanum,Mollusca,Gastropoda,Neogastropoda,Buccinidae,Buccinum,Buccinum cf. hydrophanum MPL-2024,3384879,BOLD:AHJ6776,concordant,morphological,OZ240416,OZ238619,VMEFC179-25
FC-22-054-09,54,16,Gonatus fabricii,Mollusca,Cephalopoda,Oegopsida,Gonatidae,Gonatus,Gonatus fabricii,93047,1,1,0,Gonatus steenstrupi,100,Gonatus steenstrupi,100,Gonatus fabricii,"99,81",NA,Mollusca,Cephalopoda,Oegopsida,Gonatidae,Gonatus,Gonatus fabricii,93047,BOLD:AAB0336,concordant,multiple,OZ240417,OZ238620,VMEFC180-25
FC-22-054-10,54,16,Gonatus fabricii,Mollusca,Cephalopoda,Oegopsida,Gonatidae,Gonatus,Gonatus fabricii,93047,1,1,0,Gonatus steenstrupi,"99,85",Gonatus steenstrupi,100,Gonatus fabricii,100,NA,Mollusca,Cephalopoda,Oegopsida,Gonatidae,Gonatus,Gonatus fabricii,93047,BOLD:AAB0336,concordant,multiple,OZ240418,OZ238621,VMEFC181-25
FC-22-060-01,60,21,Gnathophausia zoea,Arthropoda,Malacostraca,Lophogastrida,Gnathophausiidae,Gnathophausia,Gnathophausia zoea,314074,1,1,1,Gnathophausia zoea,"99,66",Gnathophausia zoea,"99,51",NA,NA,NA,Arthropoda,Malacostraca,Lophogastrida,Gnathophausiidae,Gnathophausia,Gnathophausia zoea,314074,BOLD:AAD5774,multiple,multiple,OZ240419,NA,VMEFC182-25
FC-22-060-02,60,21,Pasiphaea tarda,Arthropoda,Malacostraca,Decapoda,Pasiphaeidae,Pasiphaea,Pasiphaea tarda,98099,1,1,0,Pasiphaea tarda,100,Pasiphaea tarda,"99,17",Pasiphaea merriami,"93,93",NA,Arthropoda,Malacostraca,Decapoda,Pasiphaeidae,Pasiphaea,Pasiphaea tarda,98099,BOLD:AAB9072,multiple,multiple,OZ240420,OZ238622,VMEFC183-25
FC-22-060-03,60,21,Stauropathes arctica,Cnidaria,Hexacorallia,Antipatharia,Schizopathidae,Stauropathes,Stauropathes arctica,2666510,1,0,1,NA,NA,NA,NA,NA,NA,NA,NA,NA,NA,NA,NA,NA,NA,NA,NA,NA,NA,NA,NA
FC-22-060-04,60,21,Colossendeis proboscidea,Arthropoda,Pycnogonida,Pantopoda,Colossendeidae,Colossendeis,Colossendeis proboscidea,619863,0,0,0,Colossendeis gigas,"88,73",Colossendeis sp.,"99,69",Colossendeis sp.,"93,91",NA,Arthropoda,Pycnogonida,Pantopoda,Colossendeidae,Colossendeis,Colossendeis proboscidea,619863,BOLD:AAN2715,multiple,morphological,OZ240421,OZ238623,VMEFC184-25
FC-22-060-05,60,21,Nymphonidae,Arthropoda,Pycnogonida,Pantopoda,Nymphonidae,NA,NA,72048,LTR,LTR,LTR,NA,NA,NA,NA,NA,NA,NA,NA,NA,NA,NA,NA,NA,NA,NA,NA,NA,NA,NA,NA
FC-22-060-06,60,21,Acanthephyra pelagica,Arthropoda,Malacostraca,Decapoda,Acanthephyridae,Acanthephyra,Acanthephyra pelagica,342632,1,1,1,Acanthephyra pelagica,100,Acanthephyra pelagica,100,Acanthephyra pelagica,100,NA,Arthropoda,Malacostraca,Decapoda,Acanthephyridae,Acanthephyra,Acanthephyra pelagica,342632,BOLD:AAC7822,multiple,multiple,OZ240422,OZ238624,VMEFC185-25
FC-22-060-07,60,21,Atlantopandalus propinqvus,Arthropoda,Malacostraca,Decapoda,Pandalidae,Atlantopandalus,Atlantopandalus propinqvus,2268695,1,1,1,Atlantopandalus propinqvus,"89,78",No match,NA,NA,NA,NA,Arthropoda,Malacostraca,Decapoda,Pandalidae,Atlantopandalus,Atlantopandalus propinqvus,2268695,BOLD:AHJ5880,multiple,morphological,OZ240423,NA,VMEFC186-25
FC-22-060-08,60,21,Henricia sp.,Echinodermata,Asteroidea,Spinulosida,Echinasteridae,Henricia,NA,60577,LTR,LTR,LTR,NA,NA,NA,NA,Henricia cf. pertusa CLADE B,100,Henricia pertusa,Echinodermata,Asteroidea,Spinulosida,Echinasteridae,Henricia,Henricia pertusa,3254000,NA,concordant,morphological,NA,OZ238625,VMEFC187-25
FC-22-060-09,60,21,Mediaster bairdi,Echinodermata,Asteroidea,Valvatida,Goniasteridae,Mediaster,Mediaster bairdi,655526,0,0,1,NA,NA,NA,NA,Mediaster ornatus,"99,83",NA,Echinodermata,Asteroidea,Valvatida,Goniasteridae,Mediaster,Mediaster bairdi,655526,NA,concordant,multiple,NA,OZ238626,VMEFC188-25
FC-22-060-10,60,21,Hormathiidae,Cnidaria,Hexacorallia,Actiniaria,Hormathiidae,NA,NA,42824,LTR,LTR,LTR,Paraphelliactis xishaensis,"99,67",Actinauge sp.,100,NA,NA,Actinauge cristata,Cnidaria,Hexacorallia,Actiniaria,Hormathiidae,Actinauge,Actinauge cristata,3279625,BOLD:AAE3706,multiple,morphological,OZ240424,NA,VMEFC189-25
FC-22-060-11,60,21,Taonius pavo,Mollusca,Cephalopoda,Oegopsida,Cranchiidae,Taonius,Taonius pavo,559551,1,1,1,Teuthowenia megalops,100,Teuthowenia megalops,100,Teuthowenia megalops,"99,6",NA,Mollusca,Cephalopoda,Oegopsida,Cranchiidae,Teuthowenia,Teuthowenia megalops,279102,BOLD:AAW6796,concordant,genetic,OZ240425,OZ238627,VMEFC190-25
FC-22-061-01,61,20,Ophioplinthus sp.,Echinodermata,Ophiuroidea,Ophiurida,Ophiopyrgidae,Ophioplinthus,NA,696347,LTR,LTR,LTR,Ophiomusa lymani,"99,7",Ophiomusa lymani,"99,7",Ophiomusa scalare,"87,3",Ophiomusa lymani,Echinodermata,Ophiuroidea,Ophiurida,Ophiomusaidae,Ophiomusa,Ophiomusa lymani,72729,BOLD:AAF0993,concordant,multiple,OZ240426,OZ238628,VMEFC191-25
FC-22-061-02,61,20,Heteropolypus sp.,Cnidaria,Octocorallia,Scleralcyonacea,Coralliidae,Heteropolypus,NA,1826360,LTR,LTR,LTR,Anthomastinae sp.,"99,24",Anthomastus sp.,"99,83",Anthomastinae sp.,"99,15",NA,Cnidaria,Octocorallia,Scleralcyonacea,Coralliidae,Heteropolypus,Heteropolypus sol,2931934,BOLD:AAD3482,concordant,biogeographic,OZ240427,OZ238629,VMEFC192-25
FC-22-061-03,61,20,Heteropolypus sp.,Cnidaria,Octocorallia,Scleralcyonacea,Coralliidae,Heteropolypus,NA,1826360,LTR,LTR,LTR,Anthomastinae sp.,"99,24",Anthomastus sp.,"99,83",Anthomastinae sp.,"99,15",NA,Cnidaria,Octocorallia,Scleralcyonacea,Coralliidae,Heteropolypus,Heteropolypus sol,2931934,BOLD:AAD3482,concordant,biogeographic,OZ240428,OZ238630,VMEFC193-25
FC-22-061-04,61,20,Stauropathes arctica,Cnidaria,Hexacorallia,Antipatharia,Schizopathidae,Stauropathes,Stauropathes arctica,2666510,1,0,1,NA,NA,NA,NA,NA,NA,NA,NA,NA,NA,NA,NA,NA,NA,NA,NA,NA,NA,NA,NA
FC-22-061-05,61,20,Balticina finmarchica,Cnidaria,Octocorallia,Scleralcyonacea,Balticinidae,Balticina,Balticina finmarchica,2899797,1,0,1,Balticina finmarchica,"99,85",Balticina finmarchica,"99,84",Balticina finmarchica,100,NA,Cnidaria,Octocorallia,Scleralcyonacea,Balticinidae,Balticina,Balticina finmarchica,2899797,BOLD:ABX8941,concordant,multiple,OZ240429,OZ238631,VMEFC194-25
FC-22-061-06,61,20,Funiculina quadrangularis,Cnidaria,Octocorallia,Scleralcyonacea,Funiculinidae,Funiculina,Funiculina quadrangularis,68568,1,1,1,Funiculina sp.,100,Funiculina quadrangularis,100,Funiculina quadrangularis,100,NA,Cnidaria,Octocorallia,Scleralcyonacea,Funiculinidae,Funiculina,Funiculina quadrangularis,68568,BOLD:ACH6793,concordant,multiple,OZ240430,OZ238632,VMEFC195-25
FC-22-061-07,61,20,Flabellum alabastrum,Cnidaria,Hexacorallia,Scleractinia,Flabellidae,Flabellum,Flabellum alabastrum,2305781,1,0,1,Flabellum (Ulocyathus) alabastrum,100,Flabellum apertum,"99,5",NA,NA,NA,Cnidaria,Hexacorallia,Scleractinia,Flabellidae,Flabellum,Flabellum (Ulocyathus) alabastrum,2305781,BOLD:ACH4038,concordant,multiple,OZ240431,NA,VMEFC196-25
FC-22-061-08,61,20,Flabellum alabastrum,Cnidaria,Hexacorallia,Scleractinia,Flabellidae,Flabellum,Flabellum alabastrum,2305781,1,0,1,Flabellum (Ulocyathus) alabastrum,"99,85",Flabellum apertum,"99,5",NA,NA,NA,Cnidaria,Hexacorallia,Scleractinia,Flabellidae,Flabellum,Flabellum (Ulocyathus) alabastrum,2305781,BOLD:ACH4038,concordant,multiple,OZ240432,NA,VMEFC197-25
FC-22-061-09,61,20,Hormathiidae,Cnidaria,Hexacorallia,Actiniaria,Hormathiidae,NA,NA,42824,LTR,LTR,LTR,Paraphelliactis xishaensis,100,Actinauge abyssorum,"99,83",NA,NA,Phelliactis sp.,Cnidaria,Hexacorallia,Actiniaria,Hormathiidae,Phelliactis,Phelliactis sp. MPL-2024,3384854,BOLD:AAE3706,concordant,morphological,OZ240433,NA,VMEFC198-25
FC-22-061-10,61,20,Actinoscyphia sp.,Cnidaria,Hexacorallia,Actiniaria,Actinoscyphiidae,Actinoscyphia,NA,478381,LTR,LTR,LTR,Galatheanthemum cf. profundale,"98,33",Stephanauge sp.,100,NA,NA,Actinoscyphia aurelia,Cnidaria,Hexacorallia,Actiniaria,Actinoscyphiidae,Actinoscyphia,Actinoscyphia aurelia,3279687,BOLD:ACM6770,concordant,morphological,OZ240434,NA,VMEFC199-25
FC-22-064-01,64,16,Rhizaxinella sp.,Porifera,Demospongiae,Suberitida,Suberitidae,Rhizaxinella,NA,283535,LTR,LTR,LTR,Rhizaxinella sp. ,"97,14",Rhizaxinella sp.,"97,11",Tethya actinia,"84,74",NA,Porifera,Demospongiae,Suberitida,Suberitidae,Rhizaxinella,Rhizaxinella sp. MPL-2024,3384853,BOLD:AHI9324,concordant,multiple,OZ240435,OZ238633,VMEFC200-25
FC-22-064-02,64,16,Duva florida,Cnidaria,Octocorallia,Malacalcyonacea,Capnellidae,Duva,Duva florida,2931940,0,0,0,NA,NA,NA,NA,Nephtheidea sp.,"81,47",NA,Cnidaria,Octocorallia,Malacalcyonacea,Nephtheidae,NA,Nephtheidae sp. 3 MPL-2024,3384865,NA,multiple,genetic,NA,OZ238634,VMEFC201-25
FC-22-064-03,64,16,Flabellum alabastrum,Cnidaria,Hexacorallia,Scleractinia,Flabellidae,Flabellum,Flabellum alabastrum,2305781,1,0,1,NA,NA,NA,NA,NA,NA,NA,NA,NA,NA,NA,NA,NA,NA,NA,NA,NA,NA,NA,NA
FC-22-064-04,64,16,Flabellum alabastrum,Cnidaria,Hexacorallia,Scleractinia,Flabellidae,Flabellum,Flabellum alabastrum,2305781,1,0,1,Flabellum (Ulocyathus) alabastrum,100,Flabellum apertum,"99,48",NA,NA,NA,Cnidaria,Hexacorallia,Scleractinia,Flabellidae,Flabellum,Flabellum (Ulocyathus) alabastrum,2305781,BOLD:ACH4038,concordant,multiple,OZ240436,NA,VMEFC202-25
FC-22-064-05,64,16,Flabellum alabastrum,Cnidaria,Hexacorallia,Scleractinia,Flabellidae,Flabellum,Flabellum alabastrum,2305781,1,0,1,Flabellum (Ulocyathus) alabastrum,"99,84",Flabellum apertum,"99,46",NA,NA,NA,Cnidaria,Hexacorallia,Scleractinia,Flabellidae,Flabellum,Flabellum (Ulocyathus) alabastrum,2305781,BOLD:ACH4038,concordant,multiple,OZ240437,NA,VMEFC203-25
FC-22-064-06,64,16,Eusergestes arcticus,Arthropoda,Malacostraca,Decapoda,Sergestidae,Eusergestes,Eusergestes arcticus,2849045,1,1,1,Eusergestes arcticus,100,Eusergestes arcticus,100,Eusergestes arcticus,100,NA,Arthropoda,Malacostraca,Decapoda,Sergestidae,Eusergestes,Eusergestes arcticus,2849045,BOLD:AAE1889,concordant,multiple,OZ240438,OZ238635,VMEFC204-25
FC-22-064-07,64,16,Psilaster andromeda,Echinodermata,Asteroidea,Paxillosida,Astropectinidae,Psilaster,Psilaster andromeda,1898583,1,1,0,NA,NA,NA,NA,Psilaster pectinatus,"98,65",Psilaster andromeda,Echinodermata,Asteroidea,Paxillosida,Astropectinidae,Psilaster,Psilaster andromeda,1898583,NA,multiple,morphological,NA,OZ238636,VMEFC205-25
FC-22-064-08,64,16,Henricia sp.,Echinodermata,Asteroidea,Spinulosida,Echinasteridae,Henricia,NA,60577,LTR,LTR,LTR,NA,NA,NA,NA,Henricia cf. oculata CLADE E,"99,67",NA,Echinodermata,Asteroidea,Spinulosida,Echinasteridae,Henricia,Henricia scabrior,3384886,NA,no_bin,morphological,NA,OZ238637,VMEFC206-25
FC-22-064-09,64,16,Didemnidae,Chordata,Ascidiacea,Aplousobranchia,Didemnidae,NA,NA,107393,LTR,LTR,LTR,NA,NA,NA,NA,NA,NA,NA,NA,NA,NA,NA,NA,NA,NA,NA,NA,NA,NA,NA,NA
FC-22-064-10,64,16,Astarte sp.,Mollusca,Bivalvia,Carditida,Astartidae,Astarte,NA,98290,LTR,LTR,LTR,NA,NA,NA,NA,NA,NA,NA,NA,NA,NA,NA,NA,NA,NA,NA,NA,NA,NA,NA,NA
FC-22-064-11,64,16,Hormathiidae,Cnidaria,Hexacorallia,Actiniaria,Hormathiidae,NA,NA,42824,LTR,LTR,LTR,NA,NA,NA,NA,NA,NA,NA,NA,NA,NA,NA,NA,NA,NA,NA,NA,NA,NA,NA,NA
FC-22-064-12,64,16,Hormathiidae,Cnidaria,Hexacorallia,Actiniaria,Hormathiidae,NA,NA,42824,LTR,LTR,LTR,NA,NA,NA,NA,NA,NA,NA,NA,NA,NA,NA,NA,NA,NA,NA,NA,NA,NA,NA,NA
FC-22-064-13,64,16,Histioteuthis bonnellii,Mollusca,Cephalopoda,Oegopsida,Histioteuthidae,Histioteuthis,Histioteuthis bonnellii,2816407,1,0,1,Histioteuthis bonnellii,"99,84",Histioteuthis bonnellii,"99,84",Histioteuthis bonnellii,"99,8",NA,Mollusca,Cephalopoda,Oegopsida,Histioteuthidae,Histioteuthis,Histioteuthis bonnellii,2816407,BOLD:AAX1286,concordant,multiple,OZ240439,OZ238638,VMEFC207-25
FC-22-064-14,64,16,Hormathiidae,Cnidaria,Hexacorallia,Actiniaria,Hormathiidae,NA,NA,42824,LTR,LTR,LTR,Paraphelliactis xishaensis,"99,83",Actinauge sp.,100,NA,NA,Actinauge cristata,Cnidaria,Hexacorallia,Actiniaria,Hormathiidae,Actinauge,Actinauge cristata,3279625,BOLD:AAE3706,multiple,morphological,OZ240440,NA,VMEFC208-25
FC-22-064-15,64,16,Hormathiidae,Cnidaria,Hexacorallia,Actiniaria,Hormathiidae,NA,NA,42824,LTR,LTR,LTR,Paraphelliactis xishaensis,"99,68",Actinauge sp.,100,NA,NA,Actinauge cristata,Cnidaria,Hexacorallia,Actiniaria,Hormathiidae,Actinauge,Actinauge cristata,3279625,BOLD:AAE3706,multiple,morphological,OZ240441,NA,VMEFC209-25
FC-22-067-01,67,22,Keratoisis sp.,Cnidaria,Octocorallia,Scleralcyonacea,Keratoisididae,Keratoisis,NA,243285,LTR,LTR,LTR,Isidella sp.,"99,66",Isidella trichotoma,"99,66",Isidid sp.,100,Isidella sp.,Cnidaria,Octocorallia,Scleralcyonacea,Keratoisididae,Isidella,Isidella sp. MPL-2024,3384862,BOLD:AGX9791,concordant,morphological,OZ240442,OZ238639,VMEFC210-25
FC-22-067-02,67,22,Henricia sp.,Echinodermata,Asteroidea,Spinulosida,Echinasteridae,Henricia,NA,60577,LTR,LTR,LTR,NA,NA,NA,NA,NA,NA,NA,NA,NA,NA,NA,NA,NA,NA,NA,NA,NA,NA,NA,NA
FC-22-067-03,67,22,Henricia sp.,Echinodermata,Asteroidea,Spinulosida,Echinasteridae,Henricia,NA,60577,LTR,LTR,LTR,NA,NA,NA,NA,NA,NA,NA,NA,NA,NA,NA,NA,NA,NA,NA,NA,NA,NA,NA,NA
FC-22-067-04,67,22,Epizoanthus sp.,Cnidaria,Hexacorallia,Zoantharia,Epizoanthidae,Epizoanthus,NA,328560,LTR,LTR,LTR,Parazoanthidae sp.,"99,67",Churabana kuroshioae,"98,18",NA,NA,NA,Cnidaria,Hexacorallia,Zoantharia,Epizoanthidae,Epizoanthus,Epizoanthus sp. MPL-2024,3400539,BOLD:AAE7199,concordant,morphological,OZ240443,NA,VMEFC211-25
FC-22-067-05,67,22,Anthomastus sp.,Cnidaria,Octocorallia,Scleralcyonacea,Coralliidae,Anthomastus,NA,3111105,LTR,LTR,LTR,Pseudoanthomastus sp.,"99,85",Anthomastus sp.,100,Anthomastus sp.,"99,85",NA,Cnidaria,Octocorallia,Scleralcyonacea,Coralliidae,Anthomastus,Anthomastus sp. 1 MPL-2024,3384847,BOLD:AAW0534,concordant,multiple,OZ240444,OZ238640,VMEFC212-25
FC-22-067-06,67,22,Anthomastus sp.,Cnidaria,Octocorallia,Scleralcyonacea,Coralliidae,Anthomastus,NA,3111105,LTR,LTR,LTR,Anthomastus sp.,"98,05",Anthomastus sp.,"98,54",Anthomastus sp.,100,NA,Cnidaria,Octocorallia,Scleralcyonacea,Coralliidae,Anthomastus,Anthomastus sp. 2 MPL-2024,3384848,BOLD:AHN1187,concordant,multiple,OZ240445,OZ238641,VMEFC213-25
FC-22-067-07,67,22,Solasteridae,Echinodermata,Asteroidea,Valvatida,Solasteridae,NA,NA,7596,LTR,LTR,LTR,Velatida sp.,"99,85",Solaster regularis,"99,85",Crossaster borealis,"98,05",Crossaster squamatus,Echinodermata,Asteroidea,Valvatida,Solasteridae,Crossaster,Crossaster squamatus,2015595,BOLD:AAE1368,multiple,morphological,OZ240446,OZ238642,VMEFC214-25
FC-22-067-08,67,22,Parapasiphae sulcatifrons,Arthropoda,Malacostraca,Decapoda,Pasiphaeidae,Parapasiphae,Parapasiphae sulcatifrons,342619,1,1,1,Parapasiphae sulcatifrons,100,Parapasiphae sulcatifrons,100,NA,NA,NA,Arthropoda,Malacostraca,Decapoda,Pasiphaeidae,Parapasiphae,Parapasiphae sulcatifrons,342619,BOLD:AAF7301,multiple,multiple,OZ240447,NA,VMEFC215-25
FC-22-067-09,67,22,Atlantopandalus propinqvus,Arthropoda,Malacostraca,Decapoda,Pandalidae,Atlantopandalus,Atlantopandalus propinqvus,2268695,1,1,1,Atlantopandalus propinqvus,"90,09",No match,NA,NA,NA,NA,Arthropoda,Malacostraca,Decapoda,Pandalidae,Atlantopandalus,Atlantopandalus propinqvus,2268695,BOLD:AHJ5880,multiple,morphological,OZ240448,NA,VMEFC216-25
FC-22-067-10,67,22,Pasiphaea tarda,Arthropoda,Malacostraca,Decapoda,Pasiphaeidae,Pasiphaea,Pasiphaea tarda,98099,1,1,0,Pasiphaea tarda,100,Pasiphaea tarda,100,Pasiphaea merriami,"94,34",NA,Arthropoda,Malacostraca,Decapoda,Pasiphaeidae,Pasiphaea,Pasiphaea tarda,98099,BOLD:AAB9072,multiple,multiple,OZ240449,OZ238643,VMEFC217-25
FC-22-067-11,67,22,Gracilechinus sp.,Echinodermata,Echinoidea,Camarodonta,Echinidae,Gracilechinus,NA,545812,LTR,LTR,LTR,Gracilechinus sp.,"99,85",Gracilechinus alexandri,"99,85",Echinus esculentus,"96,69",Gracilechinus alexandri,Echinodermata,Echinoidea,Camarodonta,Echinidae,Gracilechinus,Gracilechinus alexandri,1392643,BOLD:ACS4645,concordant,multiple,OZ240450,OZ238644,VMEFC218-25
FC-22-067-12,67,22,Chaceon quinquedens,Arthropoda,Malacostraca,Decapoda,Geryonidae,Chaceon,Chaceon quinquedens,198537,1,1,0,Chaceon quinquedens,"99,54",Chaceon quinquedens,"99,54",Chaceon maritae,"99,8",NA,Arthropoda,Malacostraca,Decapoda,Geryonidae,Chaceon,Chaceon quinquedens,198537,BOLD:ACD2719,concordant,multiple,OZ240451,OZ238645,VMEFC219-25
FC-22-067-13,67,22,Geodia sp.,Porifera,Demospongiae,Tetractinellida,Geodiidae,Geodia,NA,6046,LTR,LTR,LTR,Stelletta tuberosa,"99,34",Stelletta tuberosa,"99,34",Tetractinomorpha sp.,"99,85",cf. Stelletta sp. 1,Porifera,Demospongiae,Tetractinellida,Ancorinidae,Stelletta,cf. Stelletta sp. 1 MPL-2024,3384868,BOLD:ACB5687,multiple,morphological,OZ240452,OZ238646,VMEFC220-25
FC-22-067-14,67,22,Geodia atlantica,Porifera,Demospongiae,Tetractinellida,Geodiidae,Geodia,Geodia atlantica,1006787,1,0,0,Geodia atlantica,100,Geodia atlantica,100,NA,NA,NA,Porifera,Demospongiae,Tetractinellida,Geodiidae,Geodia,Geodia atlantica,1006787,BOLD:AAY1593,concordant,multiple,OZ240453,NA,VMEFC221-25
FC-22-067-15,67,22,Pachastrella sp.,Porifera,Demospongiae,Tetractinellida,Pachastrellidae,Pachastrella,NA,881970,LTR,LTR,LTR,Pachastrella caliculata ,"97,89",Pachastrella monilifera,"98,38",Macandrewia sp.,"96,01",Pachastrella aff. monilifera,Porifera,Demospongiae,Tetractinellida,Pachastrellidae,Pachastrella,Pachastrella aff. monilifera MPL-2024,3384883,BOLD:ACQ1944,concordant,morphological,OZ240454,OZ238647,VMEFC222-25
FC-22-067-16,67,22,Porifera,Porifera,NA,NA,NA,NA,NA,6040,LTR,LTR,LTR,Paratimea hoffmannae,100,Paratimea duplex,100,NA,NA,Paratimea sp.,Porifera,Demospongiae,Axinellida,Stelligeridae,Paratimea,Paratimea sp. MPL-2024,3384855,BOLD:ACH5846,concordant,morphological,OZ240455,NA,VMEFC223-25
FC-22-067-17,67,22,Porifera,Porifera,NA,NA,NA,NA,NA,6040,LTR,LTR,LTR,Paratimea hoffmannae,100,Paratimea duplex,100,NA,NA,Paratimea sp.,Porifera,Demospongiae,Axinellida,Stelligeridae,Paratimea,Paratimea sp. MPL-2024,3384855,BOLD:ACH5846,concordant,morphological,OZ240456,NA,VMEFC224-25
FC-22-067-18,67,22,Porifera,Porifera,NA,NA,NA,NA,NA,6040,LTR,LTR,LTR,Paratimea hoffmannae,100,Paratimea duplex,100,NA,NA,Paratimea sp.,Porifera,Demospongiae,Axinellida,Stelligeridae,Paratimea,Paratimea sp. MPL-2024,3384855,BOLD:ACH5846,concordant,morphological,OZ240457,NA,VMEFC225-25
FC-22-067-19,67,22,Thenea sp.,Porifera,Demospongiae,Tetractinellida,Theneidae,Thenea,NA,281724,LTR,LTR,LTR,Thenea levis,"99,85",Thenea levis,"99,85",Poecillastra laminaris,"95,41",Thenea levis,Porifera,Demospongiae,Tetractinellida,Theneidae,Thenea,Thenea levis,1006813,BOLD:ACB4291,concordant,multiple,OZ240458,OZ238648,VMEFC226-25
FC-22-067-20,67,22,Thenea sp.,Porifera,Demospongiae,Tetractinellida,Theneidae,Thenea,NA,281724,LTR,LTR,LTR,Thenea levis,"99,85",Thenea levis,"99,85",Poecillastra laminaris,"95,48",Thenea levis,Porifera,Demospongiae,Tetractinellida,Theneidae,Thenea,Thenea levis,1006813,BOLD:ACB4291,concordant,multiple,OZ240459,OZ238649,VMEFC227-25
FC-22-067-21,67,22,Thenea sp.,Porifera,Demospongiae,Tetractinellida,Theneidae,Thenea,NA,281724,LTR,LTR,LTR,Thenea levis,"99,85",Thenea levis,"99,85",Poecillastra laminaris,"95,9",Thenea levis,Porifera,Demospongiae,Tetractinellida,Theneidae,Thenea,Thenea levis,1006813,BOLD:ACB4291,concordant,multiple,OZ240460,OZ238650,VMEFC228-25
FC-22-068-01,68,21,Henricia sp.,Echinodermata,Asteroidea,Spinulosida,Echinasteridae,Henricia,NA,60577,LTR,LTR,LTR,NA,NA,NA,NA,NA,NA,NA,NA,NA,NA,NA,NA,NA,NA,NA,NA,NA,NA,NA,NA
FC-22-068-02,68,21,Henricia sp.,Echinodermata,Asteroidea,Spinulosida,Echinasteridae,Henricia,NA,60577,LTR,LTR,LTR,Henricia sp.,"99,54",Henricia sp.,"99,69",Henricia cf. perforata CLADE C,"99,5",Henricia perforata,Echinodermata,Asteroidea,Spinulosida,Echinasteridae,Henricia,Henricia perforata,1622212,BOLD:AAB9183,concordant,morphological,OZ240461,OZ238651,VMEFC229-25
FC-22-068-03,68,21,Anthomastinae,Cnidaria,Octocorallia,Scleralcyonacea,Coralliidae,NA,NA,3111105,LTR,LTR,LTR,Pseudoanthomastus sp.,"99,55",Anthomastus sp.,100,Anthomastus sp.,"99,86",NA,Cnidaria,Octocorallia,Scleralcyonacea,Coralliidae,Anthomastus,Anthomastus sp. 1 MPL-2024,3384847,BOLD:AAW0534,concordant,multiple,OZ240462,OZ238652,VMEFC230-25
FC-22-068-04,68,21,Ophioplinthus tessellata,Echinodermata,Ophiuroidea,Ophiurida,Ophiopyrgidae,Ophioplinthus,Ophioplinthus tessellata,3091035,0,0,0,Ophiomusa lymani,"99,7",Ophiomusa lymani,"98,9",Ophiomusa scalare,"86,78",Ophiomusa lymani,Echinodermata,Ophiuroidea,Ophiurida,Ophiomusaidae,Ophiomusa,Ophiomusa lymani,72729,BOLD:AAF0993,concordant,multiple,OZ240463,OZ238653,VMEFC231-25
FC-22-068-05,68,21,Polymastia sp.,Porifera,Demospongiae,Polymastiida,Polymastiidae,Polymastia,NA,283513,LTR,LTR,LTR,Weberella bursa,"99,09",Weberella bursa,"99,08",NA,NA,Weberella bursa,Porifera,Demospongiae,Polymastiida,Polymastiidae,Weberella,Weberella bursa,1391061,BOLD:AEG3164,concordant,multiple,OZ240464,NA,VMEFC232-25
FC-22-068-06,68,21,Didemnidae,Chordata,Ascidiacea,Aplousobranchia,Didemnidae,NA,NA,107393,LTR,LTR,LTR,NA,NA,NA,NA,NA,NA,NA,NA,NA,NA,NA,NA,NA,NA,NA,NA,NA,NA,NA,NA
FC-22-068-07,68,21,Sabinea hystrix,Arthropoda,Malacostraca,Decapoda,Crangonidae,Sabinea,Sabinea hystrix,1129393,1,1,0,Sabinea hystrix,"99,85",Sabinea hystrix,100,Parapontocaris aspera,"84,14",NA,Arthropoda,Malacostraca,Decapoda,Crangonidae,Sabinea,Sabinea hystrix,1129393,BOLD:AAF1709,concordant,multiple,OZ240465,OZ238654,VMEFC233-25
FC-22-068-08,68,21,Anthoptilum grandiflorum,Cnidaria,Octocorallia,Scleralcyonacea,Anthoptilidae,Anthoptilum,Anthoptilum grandiflorum,1150258,1,1,1,Anthoptilum grandiflorum,100,Antoptilum grandiflorum,"99,84",Anthoptilum grandiflorum,"99,7",NA,Cnidaria,Octocorallia,Scleralcyonacea,Anthoptilidae,Anthoptilum,Anthoptilum grandiflorum,1150258,BOLD:ACL7067,multiple,multiple,OZ240466,OZ238655,VMEFC234-25
FC-22-068-09,68,21,Laetmonice sp.,Annelida,Polychaeta,Phyllodocida,Aphroditidae,Laetmonice,NA,73377,LTR,LTR,LTR,Laetmonice cf. Iocasica,"93,79",Laetmonice producta,100,NA,NA,NA,Annelida,Polychaeta,Phyllodocida,Aphroditidae,Laetmonice,Laetmonice producta,2153329,BOLD:ADH4125,multiple,genetic,OZ240467,NA,VMEFC235-25
FC-22-068-10,68,21,Laetmonice sp.,Annelida,Polychaeta,Phyllodocida,Aphroditidae,Laetmonice,NA,73377,LTR,LTR,LTR,NA,NA,NA,NA,NA,NA,NA,NA,NA,NA,NA,NA,NA,NA,NA,NA,NA,NA,NA,NA
FC-22-068-11,68,21,Bathypolypus sp.,Mollusca,Cephalopoda,Octopoda,Bathypolypodidae,Bathypolypus,NA,85594,LTR,LTR,LTR,Bathypolypus bairdii,100,Bathypolypus bairdii,100,Bathypolypus sp.,"99,6",NA,Mollusca,Cephalopoda,Octopoda,Bathypolypodidae,Bathypolypus,Bathypolypus bairdii,638792,BOLD:ACZ0708,multiple,genetic,OZ240468,OZ238656,VMEFC236-25
FC-22-068-12,68,21,Arrhoges occidentalis,Mollusca,Gastropoda,Littorinimorpha,Aporrhaidae,Arrhoges,Arrhoges occidentalis,3171552,0,1,0,Aporrhais pespelecani,"87,08",Arrhoges occidentalis,"99,32",Aporrhais serresiana,"96,48",NA,Mollusca,Gastropoda,Littorinimorpha,Aporrhaidae,Arrhoges,Arrhoges occidentalis,3171552,BOLD:AFH2932,concordant,multiple,OZ240469,OZ238657,VMEFC237-25
FC-22-068-13,68,21,Didemnidae,Chordata,Ascidiacea,Aplousobranchia,Didemnidae,NA,NA,107393,LTR,LTR,LTR,Cystodytes dellechiajei,"78,03",No match,NA,NA,NA,Didemnum sp.,Chordata,Ascidiacea,Aplousobranchia,Didemnidae,Didemnum,Didemnum sp. MPL-2024,3384859,NA,no_bin,morphological,OZ240470,NA,VMEFC238-25
FC-22-068-14,68,21,Laetmonice sp.,Annelida,Polychaeta,Phyllodocida,Aphroditidae,Laetmonice,NA,73377,LTR,LTR,LTR,NA,NA,NA,NA,NA,NA,NA,NA,NA,NA,NA,NA,NA,NA,NA,NA,NA,NA,NA,NA
FC-22-068-15,68,21,Laetmonice sp.,Annelida,Polychaeta,Phyllodocida,Aphroditidae,Laetmonice,NA,73377,LTR,LTR,LTR,NA,NA,NA,NA,Laetmonice sp.,"96,11",NA,Annelida,Polychaeta,Phyllodocida,Aphroditidae,Laetmonice,Laetmonice producta,2153329,NA,multiple,genetic,NA,OZ238658,VMEFC239-25
FC-22-070-01,70,12,Poraniomorpha hispida,Echinodermata,Asteroidea,Valvatida,Poraniiidae,Poraniomorpha,Poraniomorpha hispida,1277728,0,0,1,NA,NA,NA,NA,Poraniomorpha hispida,"99,49",NA,Echinodermata,Asteroidea,Valvatida,Poraniiidae,Poraniomorpha,Poraniomorpha hispida,1277728,NA,concordant,multiple,NA,OZ238659,VMEFC240-25
FC-22-070-02,70,12,Poraniomorpha hispida,Echinodermata,Asteroidea,Valvatida,Poraniiidae,Poraniomorpha,Poraniomorpha hispida,1277728,0,0,1,NA,NA,NA,NA,Poraniomorpha hispida,100,NA,Echinodermata,Asteroidea,Valvatida,Poraniiidae,Poraniomorpha,Poraniomorpha hispida,1277728,NA,concordant,multiple,NA,OZ238660,VMEFC241-25
FC-22-070-03,70,12,Poraniomorpha hispida,Echinodermata,Asteroidea,Valvatida,Poraniiidae,Poraniomorpha,Poraniomorpha hispida,1277728,0,0,1,Porania pulvillus,"88,87",Poraniomorpha tumida,"99,05",Poraniomorpha hispida,"99,66",NA,Echinodermata,Asteroidea,Valvatida,Poraniiidae,Poraniomorpha,Poraniomorpha hispida,1277728,BOLD:AEH7633,concordant,multiple,OZ240471,OZ238661,VMEFC242-25
FC-22-070-04,70,12,Henricia sp.,Echinodermata,Asteroidea,Spinulosida,Echinasteridae,Henricia,NA,60577,LTR,LTR,LTR,Henricia sp.,"99,79",Henricia sp.,"99,79",Henricia cf. pertusa,"99,81",Henricia pertusa,Echinodermata,Asteroidea,Spinulosida,Echinasteridae,Henricia,Henricia pertusa,3254000,BOLD:ACJ9841,concordant,morphological,OZ240472,OZ238662,VMEFC243-25
FC-22-070-05,70,12,Lophaster furcifer,Echinodermata,Asteroidea,Valvatida,Solasteridae,Lophaster,Lophaster furcifer,3253376,0,1,0,Lophaster furcilliger,"96,83",Lophaster furcifer,"99,08",Lophaster furcilliger,"98,51",NA,Echinodermata,Asteroidea,Valvatida,Solasteridae,Lophaster,Lophaster furcifer,3253376,BOLD:ADF4204,concordant,multiple,OZ240473,OZ238663,VMEFC244-25
FC-22-070-06,70,12,Leptychaster arcticus,Echinodermata,Asteroidea,Paxillosida,Astropectinidae,Leptychaster,Leptychaster arcticus,3048001,0,1,0,NA,NA,NA,NA,Leptychaster propinquus,95,NA,Echinodermata,Asteroidea,Paxillosida,Astropectinidae,Leptychaster,Leptychaster arcticus,3048001,NA,multiple,morphological,NA,OZ238664,VMEFC245-25
FC-22-070-07,70,12,Leptychaster arcticus,Echinodermata,Asteroidea,Paxillosida,Astropectinidae,Leptychaster,Leptychaster arcticus,3048001,0,1,0,NA,NA,NA,NA,Leptychaster propinquus,95,NA,Echinodermata,Asteroidea,Paxillosida,Astropectinidae,Leptychaster,Leptychaster arcticus,3048001,NA,multiple,morphological,NA,OZ238665,VMEFC246-25
FC-22-070-08,70,12,Novodinia americana,Echinodermata,Asteroidea,Brisingida,Brisingidae,Novodinia,Novodinia americana,3254296,0,0,0,Freyella sp.,"92,86",No match,NA,Novodinia antillensis,"95,5",NA,Echinodermata,Asteroidea,Brisingida,Brisingidae,Novodinia,Novodinia americana,3254296,BOLD:AFL6831,concordant,morphological,OZ240474,OZ238666,VMEFC247-25
FC-22-070-09,70,12,Actinernus nobilis,Cnidaria,Hexacorallia,Actiniaria,Actinernidae,Actinernus,Actinernus nobilis,3279632,0,0,0,Actinernus elongatus,100,No match,NA,NA,NA,NA,Cnidaria,Octocorallia,Actiniaria,Actinernidae,Actinernus,Actinernus nobilis,3279632,BOLD:AGN9229,concordant,morphological,OZ240475,NA,VMEFC248-25
FC-22-070-10,70,12,Mycale sp.,Porifera,Demospongiae,Poecilosclerida,Mycalidae,Mycale,NA,86015,LTR,LTR,LTR,Mycale grandis,"93,18",No match,NA,Mycale thielei,"91,94",Mycale (Mycale) aff. lingua,Porifera,Demospongiae,Poecilosclerida,Mycalidae,Mycale,Mycale (Mycale) aff. lingua MPL-2024,3384882,BOLD:AHJ0577,concordant,morphological,OZ240476,OZ238667,VMEFC249-25
FC-22-070-11,70,12,Mycale sp.,Porifera,Demospongiae,Poecilosclerida,Mycalidae,Mycale,NA,86015,LTR,LTR,LTR,NA,NA,NA,NA,Mycale acerata,"98,4",Mycale (Mycale) lorea,Porifera,Demospongiae,Poecilosclerida,Mycalidae,Mycale,Mycale (Mycale) lorea,2978134,NA,no_bin,morphological,NA,OZ238668,VMEFC250-25
FC-22-070-12,70,12,Tremaster mirabilis,Echinodermata,Asteroidea,Valvatida,Asterinidae,Tremaster,Tremaster mirabilis,556869,1,1,1,Tremaster mirabilis,"92,64",Tremaster mirabilis,"99,68",Tremaster mirabilis,"96,84",NA,Echinodermata,Asteroidea,Valvatida,Asterinidae,Tremaster,Tremaster mirabilis,556869,BOLD:AAC7333,multiple,multiple,OZ240477,OZ238669,VMEFC251-25
FC-22-070-13,70,12,Tremaster mirabilis,Echinodermata,Asteroidea,Valvatida,Asterinidae,Tremaster,Tremaster mirabilis,556869,1,1,1,Tremaster mirabilis,"92,93",Tremaster mirabilis,"99,68",Tremaster mirabilis,"96,36",NA,Echinodermata,Asteroidea,Valvatida,Asterinidae,Tremaster,Tremaster mirabilis,556869,BOLD:AHI8541,multiple,multiple,OZ240478,OZ238670,VMEFC252-25
FC-22-070-14,70,12,Tremaster mirabilis,Echinodermata,Asteroidea,Valvatida,Asterinidae,Tremaster,Tremaster mirabilis,556869,1,1,1,Tremaster mirabilis,"92,86",Tremaster mirabilis,"99,85",Tremaster mirabilis,"96,76",NA,Echinodermata,Asteroidea,Valvatida,Asterinidae,Tremaster,Tremaster mirabilis,556869,BOLD:AAC7333,multiple,multiple,OZ240479,OZ238671,VMEFC253-25
FC-22-071-01,71,8,Ceramaster granularis,Echinodermata,Asteroidea,Valvatida,Goniasteridae,Ceramaster,Ceramaster granularis,3254089,0,0,0,Ceramaster cf. arcticus,"97,29",Ceramaster granularis,100,Ceramaster patagonicus,100,NA,Echinodermata,Asteroidea,Valvatida,Goniasteridae,Ceramaster,Ceramaster granularis,3254089,BOLD:ACT3080,concordant,morphological,OZ240480,OZ238672,VMEFC254-25
FC-22-071-02,71,8,Weltnerium stroemii,Arthropoda,Thecostraca,Scalpellomorpha,Scalpellidae,Weltnerium,Weltnerium stroemii,3384887,0,0,0,Weltnerium stroemii,"95,9",No match,NA,Hoekiini sp.,"83,37",Weltnerium stroemii,Arthropoda,Thecostraca,Scalpellomorpha,Scalpellidae,Weltnerium,Weltnerium stroemii,3384887,BOLD:AHI8288,concordant,multiple,OZ240481,OZ238673,VMEFC255-25
FC-22-071-03,71,8,Weltnerium stroemii,Arthropoda,Thecostraca,Scalpellomorpha,Scalpellidae,Weltnerium,Weltnerium stroemii,3384887,0,0,0,Weltnerium stroemii,"95,81",No match,NA,Hoekiini sp.,"83,37",Weltnerium stroemii,Arthropoda,Thecostraca,Scalpellomorpha,Scalpellidae,Weltnerium,Weltnerium stroemii,3384887,BOLD:AHI8288,concordant,multiple,OZ240482,OZ238674,VMEFC256-25
FC-22-071-04,71,8,Weltnerium stroemii,Arthropoda,Thecostraca,Scalpellomorpha,Scalpellidae,Weltnerium,Weltnerium stroemii,3384887,0,0,0,Weltnerium stroemii,"95,9",No match,NA,Hoekiini sp.,"83,37",Weltnerium stroemii,Arthropoda,Thecostraca,Scalpellomorpha,Scalpellidae,Weltnerium,Weltnerium stroemii,3384887,BOLD:AHI8288,concordant,multiple,OZ240483,OZ238675,VMEFC257-25
FC-22-071-05,71,8,Colus islandicus,Mollusca,Gastropoda,Neogastropoda,Colidae,Colus,Colus islandicus,2528148,1,1,1,Colus islandicus,"93,5",Colus islandicus,"97,88",Eosipho smithi,"95,89",Colus cf. islandicus,Mollusca,Gastropoda,Neogastropoda,Colidae,Colus,Colus cf. islandicus,2528148,BOLD:AHN3565,multiple,multiple,OZ240484,OZ238676,VMEFC258-25
FC-22-071-06,71,8,Neptunea vinlandica,Mollusca,Gastropoda,Neogastropoda,Buccinidae,Neptunea,Neptunea vinlandica,3205092,0,0,0,Neptunea phoenicea,"96,27",No match,NA,Neptunea purpurea,"98,23",Neptunea despecta,Mollusca,Gastropoda,Neogastropoda,Buccinidae,Neptunea,Neptunea despecta,620489,BOLD:AHJ0452,multiple,morphological,OZ240485,OZ238677,VMEFC259-25
FC-22-075-01,75,3,Actiniaria,Cnidaria,Hexacorallia,Actiniaria,NA,NA,NA,6103,LTR,LTR,LTR,Bolocera tuediae ,100,Bolocera sp.,100,NA,NA,Bolocera tuediae,Cnidaria,Hexacorallia,Actiniaria,Actiniidae,Bolocera,Bolocera tuediae,1163374,BOLD:AAG1974,multiple,multiple,OZ240486,NA,VMEFC260-25
FC-22-078-01,78,8,Anthoptilum grandiflorum,Cnidaria,Octocorallia,Scleralcyonacea,Anthoptilidae,Anthoptilum,Anthoptilum grandiflorum,1150258,1,1,1,NA,NA,NA,NA,NA,NA,NA,NA,NA,NA,NA,NA,NA,NA,NA,NA,NA,NA,NA,NA
FC-22-078-02,78,8,Ctenodiscus crispatus,Echinodermata,Asteroidea,Paxillosida,Ctenodiscidae,Ctenodiscus,Ctenodiscus crispatus,232941,1,1,1,Ctenodiscus crispatus,"99,85",Ctenodiscus crispatus,"99,85",Ctenodiscus crispatus,"99,83",NA,Echinodermata,Asteroidea,Paxillosida,Ctenodiscidae,Ctenodiscus,Ctenodiscus crispatus,232941,BOLD:AAC2685,concordant,multiple,OZ240487,OZ238678,VMEFC261-25
FC-22-078-03,78,8,Ophiura sarsii,Echinodermata,Ophiuroidea,Ophiurida,Ophiuridae,Ophiura,Ophiura sarsii,861515,1,1,1,NA,NA,NA,NA,NA,NA,NA,NA,NA,NA,NA,NA,NA,NA,NA,NA,NA,NA,NA,NA
FC-22-078-04,78,8,Ophiura sarsii,Echinodermata,Ophiuroidea,Ophiurida,Ophiuridae,Ophiura,Ophiura sarsii,861515,1,1,1,NA,NA,NA,NA,NA,NA,NA,NA,NA,NA,NA,NA,NA,NA,NA,NA,NA,NA,NA,NA
FC-22-078-05,78,8,Pontaster tenuispinus,Echinodermata,Asteroidea,Paxillosida,Benthopectinidae,Pontaster,Pontaster tenuispinus,1037279,1,1,0,NA,NA,NA,NA,Cheiraster (Luidiaster) antarcticus,"93,74",NA,Echinodermata,Asteroidea,Paxillosida,Benthopectinidae,Pontaster,Pontaster tenuispinus,1037279,NA,multiple,morphological,NA,OZ238679,VMEFC262-25
FC-22-078-06,78,8,Actiniaria,Cnidaria,Hexacorallia,Actiniaria,NA,NA,NA,6103,LTR,LTR,LTR,Bolocera tuediae ,100,Bolocera sp.,100,NA,NA,Bolocera tuediae,Cnidaria,Hexacorallia,Actiniaria,Actiniidae,Bolocera,Bolocera tuediae,1163374,BOLD:AAG1974,multiple,multiple,OZ240488,NA,VMEFC263-25
FC-22-078-07,78,8,Ascidiacea,Chordata,Ascidiacea,NA,NA,NA,NA,7713,LTR,LTR,LTR,NA,NA,NA,NA,NA,NA,NA,NA,NA,NA,NA,NA,NA,NA,NA,NA,NA,NA,NA,NA
FC-22-078-08,78,8,Polymastia sp.,Porifera,Demospongiae,Polymastiida,Polymastiidae,Polymastia,NA,283513,LTR,LTR,LTR,NA,NA,NA,NA,NA,NA,NA,NA,NA,NA,NA,NA,NA,NA,NA,NA,NA,NA,NA,NA
FC-22-078-09,78,8,Ophiura sarsii,Echinodermata,Ophiuroidea,Ophiurida,Ophiuridae,Ophiura,Ophiura sarsii,861515,1,1,1,NA,NA,NA,NA,Ophiura sarsii,"99,8",NA,Echinodermata,Ophiuroidea,Ophiurida,Ophiuridae,Ophiura,Ophiura sarsii,861515,NA,multiple,multiple,NA,OZ238680,VMEFC264-25
FC-22-078-10,78,8,Ophiura sarsii,Echinodermata,Ophiuroidea,Ophiurida,Ophiuridae,Ophiura,Ophiura sarsii,861515,1,1,1,NA,NA,NA,NA,Ophiura sarsii,"99,76",NA,Echinodermata,Ophiuroidea,Ophiurida,Ophiuridae,Ophiura,Ophiura sarsii,861515,NA,multiple,multiple,NA,OZ238681,VMEFC265-25
FC-22-078-11,78,8,Pontaster tenuispinus,Echinodermata,Asteroidea,Paxillosida,Benthopectinidae,Pontaster,Pontaster tenuispinus,1037279,1,1,0,NA,NA,NA,NA,Cheiraster (Luidiaster) antarcticus,"93,89",NA,Echinodermata,Asteroidea,Paxillosida,Benthopectinidae,Pontaster,Pontaster tenuispinus,1037279,NA,multiple,morphological,NA,OZ238682,VMEFC266-25
FC-22-082-01,82,17,Corallimorphus sp.,Cnidaria,Hexacorallia,Corallimorpharia,Corallimorphidae,Corallimorphus,NA,51774,LTR,LTR,LTR,Corallimorphus profundus,"98,85",Corallimorphus profundus,"98,37",NA,NA,NA,Cnidaria,Hexacorallia,Corallimorpharia,Corallimorphidae,Corallimorphus,Corallimorphus sp. MPL-2024,3384858,BOLD:ADC7749,concordant,morphological,OZ240489,NA,VMEFC267-25
FC-22-082-02,82,17,Keratoisis sp.,Cnidaria,Octocorallia,Scleralcyonacea,Keratoisididae,Keratoisis,NA,243285,LTR,LTR,LTR,Keratoisis grayi,"99,85",Keratoisis flabellum,100,Lepidisis olapa,"99,67",Keratoisis grayi,Cnidaria,Octocorallia,Scleralcyonacea,Keratoisididae,Keratoisis,Keratoisis grayi,1329539,BOLD:AGX9791,concordant,multiple,OZ240490,OZ238683,VMEFC268-25
FC-22-082-03,82,17,Actinernus nobilis,Cnidaria,Hexacorallia,Actiniaria,Actinernidae,Actinernus,Actinernus nobilis,3279632,0,0,0,NA,NA,NA,NA,NA,NA,NA,NA,NA,NA,NA,NA,NA,NA,NA,NA,NA,NA,NA,NA
FC-22-082-04,82,17,Tritonia newfoundlandica,Mollusca,Gastropoda,Nudibranchia,Tritoniidae,Tritonia,Tritonia newfoundlandica,3223766,0,0,0,Tritonia iocasica,"85,71",No match,NA,Tritonia tetraquetra,"94,54",NA,Mollusca,Gastropoda,Nudibranchia,Tritoniidae,Tritonia,Tritonia newfoundlandica,3223766,BOLD:AHI8455,concordant,morphological,OZ240491,OZ238684,VMEFC269-25
FC-22-082-05,82,17,Poraniomorpha hispida,Echinodermata,Asteroidea,Valvatida,Poraniiidae,Poraniomorpha,Poraniomorpha hispida,1277728,0,0,0,NA,NA,NA,NA,Poraniomorpha hispida,"99,83",NA,Echinodermata,Asteroidea,Valvatida,Poraniiidae,Poraniomorpha,Poraniomorpha hispida,1277728,NA,concordant,multiple,NA,OZ238685,VMEFC270-25
FC-22-083-01,83,24,Mycale sp.,Porifera,Demospongiae,Poecilosclerida,Mycalidae,Mycale,NA,86015,LTR,LTR,LTR,Mycale sp.,"93,1",No match,NA,Mycale thielei,"92,13",Mycale (Mycale) aff. lingua,Porifera,Demospongiae,Poecilosclerida,Mycalidae,Mycale,Mycale (Mycale) aff. lingua MPL-2024,3384882,BOLD:AHJ0577,concordant,morphological,OZ240492,OZ238686,VMEFC271-25
FC-22-083-02,83,24,Asconema foliatum,Porifera,Hexactinellida,Lyssacinosida,Rosellidae,Asconema,Asconema foliatum,3115542,0,0,0,NA,NA,NA,NA,NA,NA,NA,NA,NA,NA,NA,NA,NA,NA,NA,NA,NA,NA,NA,NA
FC-22-083-03,83,24,Laetmonice sp.,Annelida,Polychaeta,Phyllodocida,Aphroditidae,Laetmonice,NA,1210409,LTR,LTR,LTR,NA,NA,NA,NA,NA,NA,Laetmonice producta,NA,NA,NA,NA,NA,NA,NA,NA,NA,NA,NA,NA,NA
FC-22-083-04,83,24,Stelletta rhaphidiophora,Porifera,Demospongiae,Tetractinellida,Ancorinidae,Stelletta,Stelletta rhaphidiophora,1006808,0,0,0,NA,NA,NA,NA,Geodia barretti,"92,78",Stelletta sp. 2,Porifera,Demospongiae,Tetractinellida,Ancorinidae,Stelletta,Stelletta sp. 2 MPL-2024,3384851,NA,no_bin,morphological,NA,OZ238687,VMEFC272-25
FC-22-083-05,83,24,Stelletta rhaphidiophora,Porifera,Demospongiae,Tetractinellida,Ancorinidae,Stelletta,Stelletta rhaphidiophora,1006808,0,0,0,NA,NA,NA,NA,Geodia barretti,"92,78",Stelletta sp. 2,Porifera,Demospongiae,Tetractinellida,Ancorinidae,Stelletta,Stelletta sp. 2 MPL-2024,3384851,NA,no_bin,morphological,NA,OZ238688,VMEFC273-25
FC-22-083-06,83,24,Geodia phlegraei,Porifera,Demospongiae,Tetractinellida,Geodiidae,Geodia,Geodia phlegraei,521093,1,1,0,Geodia phlegraei,100,Geodia phegraei,100,Geodia barretti,"94,92",NA,Porifera,Demospongiae,Tetractinellida,Geodiidae,Geodia,Geodia phlegraei,521093,BOLD:AAY1449,multiple,multiple,OZ240493,OZ238689,VMEFC274-25
FC-22-083-07,83,24,Geodia phlegraei,Porifera,Demospongiae,Tetractinellida,Geodiidae,Geodia,Geodia phlegraei,521093,1,1,0,Geodia parva,100,Geodia phegraei,100,Geodia barretti,"94,58",Geodia cf. parva,Porifera,Demospongiae,Tetractinellida,Geodiidae,Geodia,Geodia cf. parva MPL-2024,3384881,BOLD:AAY1449,concordant,morphological,OZ240494,OZ238690,VMEFC275-25
FC-22-083-08,83,24,Stryphnus sp.,Porifera,Demospongiae,Tetractinellida,Ancorinidae,Stryphnus,NA,77190,LTR,LTR,LTR,Stryphnus fortis,100,Stryphnus fortis,100,Geodia barretti,"93,21",Stryphnus fortis,Porifera,Demospongiae,Tetractinellida,Ancorinidae,Stryphnus,Stryphnus fortis,1006811,BOLD:ACB4853,concordant,multiple,OZ240495,OZ238691,VMEFC276-25
FC-22-083-09,83,24,Laetmonice sp.,Annelida,Polychaeta,Phyllodocida,Aphroditidae,Laetmonice,NA,1210409,LTR,LTR,LTR,Laetmonice cf. Iocasica,"94,17",Laetmonice producta,"99,7",Laetmonice sp.,"95,8",Laetmonice producta,Annelida,Polychaeta,Phyllodocida,Aphroditidae,Laetmonice,Laetmonice producta,2153329,BOLD:ADH4125,multiple,genetic,OZ240496,OZ238692,VMEFC277-25
FC-22-090-01,90,2,Henricia sp.,Echinodermata,Asteroidea,Spinulosida,Echinasteridae,Henricia,NA,60577,LTR,LTR,LTR,Henricia sp.,"99,85",Henricia sp.,"99,84",Henricia sp. CLADE D,"99,84",Henricia sp.,Echinodermata,Asteroidea,Spinulosida,Echinasteridae,Henricia,Henricia sp. MPL-2024,3384861,BOLD:AAD3482,concordant,morphological,OZ240497,OZ238693,VMEFC278-25
FC-22-090-02,90,2,Aplousobranchia,Chordata,Ascidiacea,Aplousobranchia,NA,NA,NA,32436,LTR,LTR,LTR,NA,NA,NA,NA,NA,NA,NA,NA,NA,NA,NA,NA,NA,NA,NA,NA,NA,NA,NA,NA
FC-22-090-03,90,2,Homaxinella sp.,Porifera,Demospongiae,Suberitida,Suberitidae,Homaxinella,NA,942688,LTR,LTR,LTR,NA,NA,NA,NA,Halichondria panicea,"95,15",Plicatellopsis bowerbanki,Porifera,Demospongiae,Suberitida,Suberitidae,Plicatellopsis,Plicatellopsis bowerbanki,2609052,NA,no_bin,morphological,NA,OZ238694,VMEFC279-25
FC-22-090-04,90,2,Melonanchora sp.,Porifera,Demospongiae,Poecilosclerida,Myxillidae,Melonanchora,NA,3297041,LTR,LTR,LTR,NA,NA,NA,NA,Tedania ignis,"94,19",Crella (Pytheas) cutis,Porifera,Demospongiae,Poecilosclerida,Crellidae,Crella,Crella (Pytheas) cutis,2871827,NA,no_bin,morphological,NA,OZ238695,VMEFC280-25
FC-22-090-05,90,2,Ophiopholis aculeata,Echinodermata,Ophiuroidea,Amphilepidida,Ophiopholidae,Ophiopholis,Ophiopholis aculeata,35052,1,1,1,NA,NA,NA,NA,NA,NA,NA,NA,NA,NA,NA,NA,NA,NA,NA,NA,NA,NA,NA,NA
FC-22-090-06,90,2,Ophiopholis aculeata,Echinodermata,Ophiuroidea,Amphilepidida,Ophiopholidae,Ophiopholis,Ophiopholis aculeata,35052,1,1,1,NA,NA,NA,NA,Ophiopholis aculeata,100,NA,Echinodermata,Ophiuroidea,Amphilepidida,Ophiopholidae,Ophiopholis,Ophiopholis aculeata,35052,NA,multiple,multiple,NA,OZ238696,VMEFC281-25
FC-22-096-01,96,14,Lophaster furcifer,Echinodermata,Asteroidea,Valvatida,Solasteridae,Lophaster,Lophaster furcifer,3253376,0,1,0,Lophaster furcilliger,"98,05",Lophaster furcifer,"99,85",Lophaster furcilliger,"99,41",NA,Echinodermata,Asteroidea,Valvatida,Solasteridae,Lophaster,Lophaster furcifer,3253376,BOLD:ADF4204,concordant,multiple,OZ240498,OZ238697,VMEFC282-25
FC-22-096-02,96,14,Acanella arbuscula,Cnidaria,Octocorallia,Scleralcyonacea,Keratoisididae,Acanella,Acanella arbuscula,44213,1,1,1,Keratoisididae sp.,100,Acanella arbuscula,100,Acanella sp.,"99,79",NA,Cnidaria,Octocorallia,Scleralcyonacea,Keratoisididae,Acanella,Acanella arbuscula,44213,BOLD:AGX9791,concordant,multiple,OZ240499,OZ238698,VMEFC283-25
FC-22-096-03,96,14,Phakellia sp.,Porifera,Demospongiae,Bubarida,Bubaridae,Phakellia,NA,85813,LTR,LTR,LTR,NA,NA,NA,NA,NA,NA,NA,NA,NA,NA,NA,NA,NA,NA,NA,NA,NA,NA,NA,NA
FC-22-096-04,96,14,Pseudarchaster sp.,Echinodermata,Asteroidea,Paxillosida,Pseudarchasteridae,Pseudarchaster,NA,60589,LTR,LTR,LTR,Pseudarchaster alascensis,"99,5",Pseudochaster parelii alacensis,"99,66",Pseudarchaster alascensis,"99,83",Pseudarchaster parelii,Echinodermata,Asteroidea,Paxillosida,Pseudarchasteridae,Pseudarchaster,Pseudarchaster parelii,60590,BOLD:AAD5295,multiple,multiple,OZ240500,OZ238699,VMEFC284-25
FC-22-096-05,96,14,Tritonia newfoundlandica,Mollusca,Gastropoda,Nudibranchia,Tritoniidae,Tritonia,Tritonia newfoundlandica,3223766,0,0,0,NA,NA,NA,NA,Tritonia iocasica,"93,6",NA,Mollusca,Gastropoda,Nudibranchia,Tritoniidae,Tritonia,Tritonia newfoundlandica,3223766,NA,concordant,morphological,NA,OZ238700,VMEFC285-25
FC-22-096-06,96,14,Hippasteria phrygiana,Echinodermata,Asteroidea,Valvatida,Goniasteridae,Hippasteria,Hippasteria phrygiana,1277726,1,1,0,NA,NA,NA,NA,NA,NA,NA,NA,NA,NA,NA,NA,NA,NA,NA,NA,NA,NA,NA,NA
FC-22-096-07,96,14,Tremaster mirabilis,Echinodermata,Asteroidea,Valvatida,Asterinidae,Tremaster,Tremaster mirabilis,556869,1,1,1,Tremaster mirabilis,"92,86",Tremaster mirabilis,"99,85",Tremaster mirabilis,"96,84",NA,Echinodermata,Asteroidea,Valvatida,Asterinidae,Tremaster,Tremaster mirabilis,556869,BOLD:AAC7333,multiple,multiple,OZ240501,OZ238701,VMEFC286-25
FC-22-096-08,96,14,Buccinum sp.,Mollusca,Gastropoda,Neogastropoda,Buccinidae,Buccinum,NA,37540,LTR,LTR,LTR,Buccinum undatum,"97,87",Buccinum cyaneum,"98,03",Buccinum cyaneum,"99,23",Buccinum cf. hydrophanum,Mollusca,Gastropoda,Neogastropoda,Buccinidae,Buccinum,Buccinum cf. hydrophanum MPL-2024,3384879,BOLD:AHJ6776,concordant,morphological,OZ240502,OZ238702,VMEFC287-25
FC-22-096-09,96,14,Hormathiidae,Cnidaria,Hexacorallia,Actiniaria,Hormathiidae,NA,NA,42824,LTR,LTR,LTR,Paraphelliactis xishaensis,"99,54",Actinauge sp.,100,NA,NA,Actinauge cristata,Cnidaria,Hexacorallia,Actiniaria,Hormathiidae,Actinauge,Actinauge cristata,3279625,BOLD:AAE3706,multiple,morphological,OZ240503,NA,VMEFC288-25
FC-22-096-10,96,14,Actinostola sp.,Cnidaria,Hexacorallia,Actiniaria,Actinostolidae,Actinostola,NA,478379,LTR,LTR,LTR,Metridioidea indet.,"95,9",Actinostola sp.,"99,84",NA,NA,Actinostola sp.,Cnidaria,Hexacorallia,Actiniaria,Actinostolidae,Actinostola,Actinostola sp. MPL-2024,3384846,BOLD:ACM7064,multiple,multiple,OZ240504,NA,VMEFC289-25
FC-22-096-11,96,14,Hippasteria phrygiana,Echinodermata,Asteroidea,Valvatida,Goniasteridae,Hippasteria,Hippasteria phrygiana,1277726,1,1,0,NA,NA,NA,NA,Hippasteria phrygiana,"99,83",NA,Echinodermata,Asteroidea,Valvatida,Goniasteridae,Hippasteria,Hippasteria phrygiana,1277726,NA,concordant,multiple,NA,OZ238703,VMEFC290-25
FC-22-099-01,99,25,Ophiomusa lymani,Echinodermata,Ophiuroidea,Ophiurida,Ophiomusaidae,Ophiomusa,Ophiomusa lymani,72729,1,0,0,NA,NA,NA,NA,Ophioplinthus inornata,"91,3",Ophioplinthus tessellata,Echinodermata,Ophiuroidea,Ophiurida,Ophiopyrgidae,Ophioplinthus,Ophioplinthus tessellata,3091035,NA,no_bin,morphological,NA,OZ238704,VMEFC291-25
FC-22-099-02,99,25,Benthoecetes bartletti,Arthropoda,Malacostraca,Decapoda,Benthesicymidae,Benthoecetes,Benthoecetes bartletti,2733857,1,1,1,Benthoecetes bartletti ,"99,7",Benthoecetes bartletti ,"99,85",Benthoecetes barletti,"99,81",NA,Arthropoda,Malacostraca,Decapoda,Benthesicymidae,Benthoecetes,Benthoecetes bartletti,2733857,BOLD:ACG8238,multiple,multiple,OZ240505,OZ238705,VMEFC292-25
FC-22-099-03,99,25,Stelletta rhaphidiophora,Porifera,Demospongiae,Tetractinellida,Ancorinidae,Stelletta,Stelletta rhaphidiophora,1006808,0,0,0,NA,NA,NA,NA,Geodia barretti,"90,52",cf. Stelletta sp. 1,Porifera,Demospongiae,Tetractinellida,Ancorinidae,Stelletta,cf. Stelletta sp. 1 MPL-2024,3384868,NA,multiple,morphological,NA,OZ238706,VMEFC293-25
FC-22-099-04,99,25,Actinernus nobilis,Cnidaria,Hexacorallia,Actiniaria,Actinernidae,Actinernus,Actinernus nobilis,3279632,0,0,0,Actinernus elongatus,100,No match,NA,NA,NA,NA,Cnidaria,Octocorallia,Actiniaria,Actinernidae,Actinernus,Actinernus nobilis,3279632,BOLD:AGN9229,concordant,morphological,OZ240506,NA,VMEFC294-25
FC-22-099-05,99,25,Actinostola sp.,Cnidaria,Hexacorallia,Actiniaria,Actinostolidae,Actinostola,NA,478379,LTR,LTR,LTR,Actinostola georgiana ,100,Actinostola sp.,100,NA,NA,Actinostola callosa,Cnidaria,Hexacorallia,Actiniaria,Actinostolidae,Actinostola,Actinostola callosa,2887286,BOLD:AAP1192,multiple,multiple,OZ240507,NA,VMEFC295-25
FC-22-099-06,99,25,Graneledone verrucosa,Mollusca,Cephalopoda,Octopoda,Megaleledonidae,Granelodone,Graneledone verrucosa,61714,1,1,1,Graneledone verrucosa ,"99,85",Graneledone verrucosa ,"99,69",Graneledone verrucosa,"99,8",NA,Mollusca,Cephalopoda,Octopoda,Megaleledonidae,Granelodone,Graneledone verrucosa,61714,BOLD:ACE4240,concordant,multiple,OZ240508,OZ238707,VMEFC296-25
FC-22-099-07,99,25,Neolithodes grimaldii,Arthropoda,Malacostraca,Decapoda,Lithodidae,Neolithodes,Neolithodes grimaldii,1129392,1,1,0,Neolithodes grimaldii ,100,Neolithodes grimaldii ,100,Neolithodes asperrimus,"99,61",NA,Arthropoda,Malacostraca,Decapoda,Lithodidae,Neolithodes,Neolithodes grimaldii,1129392,BOLD:AAF0802,concordant,multiple,OZ240509,OZ238708,VMEFC297-25
FC-22-100-01,100,25,Opisthoteuthidae,Mollusca,Cephalopoda,Octopoda,Opisthoteuthidae,NA,NA,102658,LTR,LTR,LTR,Opisthoteuthis borealis,"99,22",Opisthoteuthis borealis,"98,89",Opisthoteuthis grimaldii,"99,61",Opisthoteuthis cf. borealis,Mollusca,Cephalopoda,Octopoda,Opisthoteuthidae,NA,Opisthoteuthis cf. borealis MPL-2024,3384884,BOLD:AEE7219,concordant,multiple,OZ240510,OZ238709,VMEFC298-25
FC-22-100-02,100,25,Desmophyllum dianthus,Cnidaria,Hexacorallia,Scleractinia,Caryophylliidae,Desmophyllum,Desmophyllum dianthus,703462,1,1,1,NA,NA,NA,NA,NA,NA,NA,NA,NA,NA,NA,NA,NA,NA,NA,NA,NA,NA,NA,NA
FC-22-100-03,100,25,Actiniaria,Cnidaria,Hexacorallia,Actiniaria,NA,NA,NA,6103,LTR,LTR,LTR,Stephanauge nexilis ,"99,69",Stephanauge nexilis ,"99,82",NA,NA,NA,Cnidaria,Hexacorallia,Actiniaria,Amphianthidae,Stephanauge,Stephanauge nexilis,1460104,BOLD:ABV1102,multiple,genetic,OZ240511,NA,VMEFC299-25
FC-22-104-01,104,34,Sabinea hystrix,Arthropoda,Malacostraca,Decapoda,Crangonidae,Sabinea,Sabinea hystrix,1129393,1,1,0,Sabinea hystrix,"99,09",Sabinea hystrix,"99,39",NA,NA,NA,Arthropoda,Malacostraca,Decapoda,Crangonidae,Sabinea,Sabinea hystrix,1129393,BOLD:AAF1709,concordant,multiple,OZ240512,NA,VMEFC300-25
FC-22-104-02,104,34,Bathypolypus sp.,Mollusca,Cephalopoda,Octopoda,Bathypolypodidae,Bathypolypus,NA,85594,LTR,LTR,LTR,Bathypolypus bairdii,100,Bathypolypus bairdii,"99,85",Bathypolypus sp.,"99,81",NA,Mollusca,Cephalopoda,Octopoda,Bathypolypodidae,Bathypolypus,Bathypolypus bairdii,638792,BOLD:ACZ0708,multiple,genetic,OZ240513,OZ238710,VMEFC301-25
FC-22-104-03,104,34,Stelletta rhaphidiophora,Porifera,Demospongiae,Tetractinellida,Ancorinidae,Stelletta,Stelletta rhaphidiophora,1006808,0,0,0,Stelletta lactea,"97,99",Stelletta lactea,"97,99",Geodia barretti,"90,36",cf. Stelletta sp. 1,Porifera,Demospongiae,Tetractinellida,Ancorinidae,Stelletta,cf. Stelletta sp. 1 MPL-2024,3384868,BOLD:AHJ8274,multiple,morphological,OZ240514,OZ238711,VMEFC302-25
FC-22-108-01,108,14,Hippasteria phrygiana,Echinodermata,Asteroidea,Valvatida,Goniasteridae,Hippasteria,Hippasteria phrygiana,1277726,1,1,0,NA,NA,NA,NA,Hippasteria phrygiana,"99,82",NA,Echinodermata,Asteroidea,Valvatida,Goniasteridae,Hippasteria,Hippasteria phrygiana,1277726,NA,concordant,multiple,NA,OZ238712,VMEFC303-25
FC-22-108-02,108,14,Diplopteraster multipes,Echinodermata,Asteroidea,Velatida,Pterasteridae,Diplopteraster,Diplopteraster multipes,465783,1,1,1,Diplopteraster multipes,"98,18",Diplopteraster multipes,100,Diplopteraster multipes,"99,48",NA,Echinodermata,Asteroidea,Velatida,Pterasteridae,Diplopteraster,Diplopteraster multipes,465783,BOLD:AAX9511,concordant,multiple,OZ240515,OZ238713,VMEFC304-25
FC-22-111-01,111,33,Terebratulina septentrionalis,Brachiopoda,Rhynchonellata,Terebratulida,Cancellothyrididae,Terebratulina,Terebratulina septentrionalis,69648,0,0,1,Zygonaria davidsoni,80,No match,NA,Terebratulina septentrionalis,"98,73",NA,Brachiopoda,Rhynchonellata,Terebratulida,Cancellothyrididae,Terebratulina,Terebratulina septentrionalis,69648,BOLD:AHI8673,multiple,multiple,OZ240516,OZ238714,VMEFC305-25
FC-22-114-01,114,30,Distichoptilum gracile,Cnidaria,Octocorallia,Scleralcyonacea,Protoptilidae,Distichoptilum,Distichoptilum gracile,361155,1,1,1,Distichoptilum gracile ,"99,7",Distichoptilum gracile,"99,7",Distichoptilum gracile,"98,54",NA,Cnidaria,Octocorallia,Scleralcyonacea,Protoptilidae,Distichoptilum,Distichoptilum gracile,361155,BOLD:ACB6157,concordant,multiple,OZ240517,OZ238715,VMEFC306-25
FC-22-114-02,114,30,Zoroaster fulgens,Echinodermata,Asteroidea,Forcipulatida,Zoroasteridae,Zoroaster,Zoroaster fulgens,231629,1,0,1,Zoroaster ophiactis ,"97,26",No match,NA,Zoroaster ophiactis,"99,83",NA,Echinodermata,Asteroidea,Forcipulatida,Zoroasteridae,Zoroaster,Zoroaster fulgens,231629,BOLD:AHI8260,concordant,multiple,OZ240518,OZ238716,VMEFC307-25
FC-22-114-03,114,30,Cirrothauma murrayi,Mollusca,Cephalopoda,Octopoda,Cirroteuthidae,Cirrothauma,Cirrothauma murrayi,61702,1,1,1,Stauroteuthis syrtensis ,"99,7",Stauroteuthis syrtensis ,"99,69",Stauroteuthis syrtensis,"98,95",NA,Mollusca,Cephalopoda,Octopoda,Stauroteuthidae,Stauroteuthis,Stauroteuthis syrtensis,61746,BOLD:AAJ5099,concordant,genetic,OZ240519,OZ238717,VMEFC308-25
FC-22-114-04,114,30,Cirrothauma murrayi,Mollusca,Cephalopoda,Octopoda,Cirroteuthidae,Cirrothauma,Cirrothauma murrayi,61702,1,1,1,Stauroteuthis syrtensis ,"99,03",Stauroteuthis syrtensis ,"99,34",Stauroteuthis syrtensis,"99,8",NA,Mollusca,Cephalopoda,Octopoda,Stauroteuthidae,Stauroteuthis,Stauroteuthis syrtensis,61746,BOLD:AAJ5099,concordant,genetic,OZ240520,OZ238718,VMEFC309-25
FC-22-116-01,116,29,Pennatula aculeata,Cnidaria,Octocorallia,Scleralcyonacea,Pennatulidae,Pennatula,Pennatula aculeata,1399332,1,1,1,Pennatula cf. aculeata ,"99,84",Pennatula aculeata,100,Pennatula aculeata,100,NA,Cnidaria,Octocorallia,Scleralcyonacea,Pennatulidae,Pennatula,Pennatula aculeata,1399332,BOLD:ACM3244,concordant,multiple,OZ240521,OZ238719,VMEFC310-25
FC-22-116-02,116,29,Mysidae,Arthropoda,Malacostraca,Mysida,Mysidae,NA,NA,79901,LTR,LTR,LTR,Crustacea sp.,"86,3",No match,NA,Iridopagurus reticulatus,"82,22",Boreomysis arctica,Arthropoda,Malacostraca,Mysida,Mysidae,NA,Boreomysis (Boreomysis) arctica,419502,BOLD:AHJ5774,multiple,morphological,OZ240522,OZ238720,VMEFC311-25
FC-22-116-03,116,29,Mysidae,Arthropoda,Malacostraca,Mysida,Mysidae,NA,NA,79901,LTR,LTR,LTR,Crustacea sp.,"86,3",No match,NA,Pagurus perlatus,"82,35",Boreomysis arctica,Arthropoda,Malacostraca,Mysida,Mysidae,NA,Boreomysis (Boreomysis) arctica,419502,BOLD:AHJ5774,multiple,morphological,OZ240523,OZ238721,VMEFC312-25
FC-22-116-04,116,29,Mysidae,Arthropoda,Malacostraca,Mysida,Mysidae,NA,NA,79901,LTR,LTR,LTR,Crustacea sp.,"86,34",No match,NA,Pagurus perlatus,"82,35",Boreomysis arctica,Arthropoda,Malacostraca,Mysida,Mysidae,NA,Boreomysis (Boreomysis) arctica,419502,BOLD:AHJ5774,multiple,morphological,OZ240524,OZ238722,VMEFC313-25
FC-22-116-05,116,29,Bathybiaster vexillifer,Echinodermata,Asteroidea,Paxillosida,Astropectinidae,Bathybiaster,Bathybiaster vexillifer,3254325,0,1,0,NA,NA,NA,NA,Bathybiaster loripes,"98,98",NA,Echinodermata,Asteroidea,Paxillosida,Astropectinidae,Bathybiaster,Bathybiaster vexillifer,3254325,NA,concordant,morphological,NA,OZ238723,VMEFC314-25
FC-22-116-06,116,29,Pontophilus norvegicus,Arthropoda,Malacostraca,Decapoda,Crangonidae,Pontophilus,Pontophilus norvegicus,587160,1,1,1,Pontophilus norvegicus,"99,49",Pontophilus norvegicus,"99,83",NA,NA,NA,Arthropoda,Malacostraca,Decapoda,Crangonidae,Pontophilus,Pontophilus norvegicus,587160,BOLD:AAF7822,concordant,multiple,OZ240525,NA,VMEFC315-25
FC-22-116-07,116,29,Funiculina quadrangularis,Cnidaria,Octocorallia,Scleralcyonacea,Funiculinidae,Funiculina,Funiculina quadrangularis,68568,1,1,1,Funiculina sp.,100,Funiculina quadrangularis,100,Funiculina quadrangularis,"99,41",NA,Cnidaria,Octocorallia,Scleralcyonacea,Funiculinidae,Funiculina,Funiculina quadrangularis,68568,BOLD:ACH6793,concordant,multiple,OZ240526,OZ238724,VMEFC316-25
FC-22-117-01,117,19,Pasiphaea multidentata,Arthropoda,Malacostraca,Decapoda,Pasiphaeidae,Pasiphaea,Pasiphaea multidentata,587158,1,1,1,Pasiphaea multidentata ,"99,38",Pasiphaea multidentata,"99,53",Pasiphaea multidentata,"99,53",NA,Arthropoda,Malacostraca,Decapoda,Pasiphaeidae,Pasiphaea,Pasiphaea multidentata,587158,BOLD:AAB9240,concordant,multiple,OZ240527,OZ238725,VMEFC317-25
FC-22-117-02,117,19,Pasiphaea multidentata,Arthropoda,Malacostraca,Decapoda,Pasiphaeidae,Pasiphaea,Pasiphaea multidentata,587158,1,1,1,Pasiphaea multidentata ,"99,85",Pasiphaea multidentata,100,Pasiphaea multidentata,100,NA,Arthropoda,Malacostraca,Decapoda,Pasiphaeidae,Pasiphaea,Pasiphaea multidentata,587158,BOLD:AAB9240,concordant,multiple,OZ240528,OZ238726,VMEFC318-25
FC-22-117-03,117,19,Gonatus fabricii,Mollusca,Cephalopoda,Oegopsida,Gonatidae,Gonatus,Gonatus fabricii,93047,1,1,0,Gonatus steenstrupi,"99,84",Gonatus steenstrupi,100,Gonatus fabricii,100,NA,Mollusca,Cephalopoda,Oegopsida,Gonatidae,Gonatus,Gonatus fabricii,93047,BOLD:AAB0336,concordant,multiple,OZ240529,OZ238727,VMEFC319-25
FC-22-117-04,117,19,Ophiopleura inermis,Echinodermata,Ophiuroidea,Ophiurida,Ophiopyrgidae,Ophiopleura,Ophiopleura inermis,1815192,1,1,0,NA,NA,NA,NA,NA,NA,NA,NA,NA,NA,NA,NA,NA,NA,NA,NA,NA,NA,NA,NA
FC-22-117-05,117,19,Terebellidae,Annelida,Polychaeta,Terebellida,Terebellidae,NA,NA,32261,LTR,LTR,LTR,Potamilla cf. neglecta,"82,48",No match,NA,Pseudopotamilla reniformis,"83,78",Sabellidae,Annelida,Polychaeta,Sabellida,Sabellidae,NA,Sabellidae sp. MPL-2024,3384852,BOLD:AHI9267,multiple,morphological,OZ240530,OZ238728,VMEFC320-25
FC-22-117-06,117,19,Actinostola sp.,Cnidaria,Hexacorallia,Actiniaria,Actinostolidae,Actinostola,NA,478379,LTR,LTR,LTR,Actinostola georgiana ,100,Actinostola sp.,100,NA,NA,Actinostola callosa,Cnidaria,Hexacorallia,Actiniaria,Actinostolidae,Actinostola,Actinostola callosa,2887286,BOLD:AAP1192,multiple,multiple,OZ240531,NA,VMEFC321-25
FC-22-120-01,120,11,Lithodes maja,Arthropoda,Malacostraca,Decapoda,Lithodidae,Lithodes,Lithodes maja,174393,1,1,1,Lithodes maja,100,Lithodes maja,100,Lithodes maja,"99,81",NA,Arthropoda,Malacostraca,Decapoda,Lithodidae,Lithodes,Lithodes maja,174393,BOLD:AAD4025,concordant,multiple,OZ240532,OZ238729,VMEFC322-25
FC-22-120-02,120,11,Lithodes maja,Arthropoda,Malacostraca,Decapoda,Lithodidae,Lithodes,Lithodes maja,174393,1,1,1,Lithodes maja,100,Lithodes maja,100,Lithodes maja,"99,6",NA,Arthropoda,Malacostraca,Decapoda,Lithodidae,Lithodes,Lithodes maja,174393,BOLD:AAD4025,concordant,multiple,OZ240533,OZ238730,VMEFC323-25
FC-22-124-01,124,10,Benthopectinidae,Echinodermata,Asteroidea,Paxillosida,Benthopectinidae,NA,NA,360087,LTR,LTR,LTR,Pontaster tenuispinus ,"99,54",Pontaster tenuispinus,"99,5",Cheiraster (Luidiaster) antarcticus,"93,74",NA,Echinodermata,Asteroidea,Paxillosida,Benthopectinidae,NA,Pontaster tenuispinus,1037279,BOLD:AAF0422,multiple,genetic,OZ240534,OZ238731,VMEFC324-25
FC-22-124-02,124,10,Ophiopholis aculeata,Echinodermata,Ophiuroidea,Amphilepidida,Ophiopholidae,Ophiopholis,Ophiopholis aculeata,35052,1,1,1,Ophiopholis aculeata,100,Ophiopholis aculeata,100,NA,NA,NA,Echinodermata,Ophiuroidea,Amphilepidida,Ophiopholidae,Ophiopholis,Ophiopholis aculeata,35052,BOLD:AAA9003,multiple,multiple,OZ240535,NA,VMEFC325-25
FC-22-127-01,127,5,Hyas coarctatus,Arthropoda,Malacostraca,Decapoda,Oregoniidae,Hyas,Hyas coarctatus,362706,1,1,1,Hyas coarctatus,"99,24",Hyas coarctatus,"99,23",Hyas araneus,"99,58",Hyas alutaceus,Arthropoda,Malacostraca,Decapoda,Oregoniidae,Hyas,Hyas alutaceus,361633,BOLD:AAA9922,multiple,multiple,OZ240536,OZ238732,VMEFC326-25
FC-22-128-01,128,10,Leptychaster arcticus,Echinodermata,Asteroidea,Paxillosida,Astropectinidae,Leptychaster,Leptychaster arcticus,3048001,0,1,0,Paxillosida sp.,"98,57",Leptychaster arcticus,"99,84",Leptychaster propinquus,"95,01",NA,Echinodermata,Asteroidea,Paxillosida,Astropectinidae,Leptychaster,Leptychaster arcticus,3048001,BOLD:AHJ0917,multiple,morphological,OZ240537,OZ238733,VMEFC327-25
FC-22-128-02,128,10,Ceramaster granularis,Echinodermata,Asteroidea,Valvatida,Goniasteridae,Ceramaster,Ceramaster granularis,3254089,0,0,0,NA,NA,NA,NA,Ceramaster patagonicus,100,NA,Echinodermata,Asteroidea,Valvatida,Goniasteridae,Ceramaster,Ceramaster granularis,3254089,NA,concordant,morphological,NA,OZ238734,VMEFC328-25
FC-22-128-03,128,10,Hormathiidae,Cnidaria,Hexacorallia,Actiniaria,Hormathiidae,NA,NA,42824,LTR,LTR,LTR,Hormathiidae sp.,"99,69",Actinauge sp.,"99,84",NA,NA,Hormathia digitata,Cnidaria,Hexacorallia,Actiniaria,Hormathiidae,Hormathia,Hormathia digitata,1163372,BOLD:AAF8957,multiple,morphological,OZ240538,NA,VMEFC329-25
FC-22-128-04,128,10,Colus holboelli,Mollusca,Gastropoda,Neogastropoda,Neogastropoda,Colus,Colus holboelli,2831785,1,1,1,Colus holboelli ,"95,99",No match,NA,Eosipho smithi,"95,87",Colus sp.,Mollusca,Gastropoda,Neogastropoda,Neogastropoda,Colus,Colus sp. MPL-2024,3384850,BOLD:AHJ3860,concordant,morphological,OZ240539,OZ238735,VMEFC330-25
FC-22-128-05,128,10,Neptunea despecta,Mollusca,Gastropoda,Neogastropoda,Buccinidae,Neptunea,Neptunea despecta,620489,1,1,1,Neptunea phoenicea,"95,92",No match,NA,Neptunea despecta,"98,63",Neptunea cf. despecta,Mollusca,Gastropoda,Neogastropoda,Buccinidae,Neptunea,Neptunea cf. despecta,620489,BOLD:AHJ0452,multiple,multiple,OZ240540,OZ238736,VMEFC331-25
FC-22-128-06,128,10,Actiniaria,Cnidaria,Hexacorallia,Actiniaria,NA,NA,NA,6103,LTR,LTR,LTR,Liponema brevicorne,100,Bolocera sp.,100,NA,NA,Liponema multicorne,Cnidaria,Hexacorallia,Actiniaria,Liponematidae,Liponema,Liponema multicorne,478406,BOLD:AAG1974,multiple,multiple,OZ240541,NA,VMEFC332-25
FC-22-131-01,131,15,Polymastia hemisphaerica,Porifera,Demospongiae,Polymastiida,Polymastiidae,Polymastia,Polymastia hemisphaerica,3295023,0,0,0,Polymastia hemisphaerica,100,Polymastia hemisphaerica,100,NA,NA,NA,Porifera,Demospongiae,Polymastiida,Polymastiidae,Polymastia,Polymastia hemisphaerica,3295023,BOLD:ACQ6272,concordant,multiple,OZ240542,NA,VMEFC333-25
FC-22-131-02,131,15,Ascidiacea,Chordata,Ascidiacea,NA,NA,NA,NA,7713,LTR,LTR,LTR,NA,NA,NA,NA,NA,NA,NA,NA,NA,NA,NA,NA,NA,NA,NA,NA,NA,NA,NA,NA
FC-22-131-03,131,15,Astarte sp.,Mollusca,Bivalvia,Carditida,Astartidae,Astarte,NA,98290,LTR,LTR,LTR,NA,NA,NA,NA,NA,NA,NA,NA,NA,NA,NA,NA,NA,NA,NA,NA,NA,NA,NA,NA
FC-22-131-04,131,15,Bathyarca sp.,Mollusca,Bivalvia,Arcida,Arcidae,Bathyarca,NA,1421189,LTR,LTR,LTR,Bathyarca pectunculoides,"99,15",Bathyarca pectunculoides,"99,13",NA,NA,NA,Mollusca,Bivalvia,Arcida,Arcidae,Bathyarca,Bathyarca pectunculoides,1421190,BOLD:ACT0322,multiple,genetic,OZ240543,NA,VMEFC334-25
FC-22-131-05,131,15,Actinostola sp.,Cnidaria,Hexacorallia,Actiniaria,Actinostolidae,Actinostola,NA,478379,LTR,LTR,LTR,Actinostola georgiana ,100,Actinostola sp.,100,NA,NA,Actinostola callosa,Cnidaria,Hexacorallia,Actiniaria,Actinostolidae,Actinostola,Actinostola callosa,2887286,BOLD:AAP1192,multiple,multiple,OZ240544,NA,VMEFC335-25
FC-22-131-06,131,15,Todarodes sagittatus,Mollusca,Cephalopoda,Oegopsida,Ommastrephidae,Todarodes,Todarodes sagittatus,200939,1,1,0,Todarodes sagittatus ,100,Todarodes sagittatus,100,Todarodes pacificus,"96,67",NA,Mollusca,Cephalopoda,Oegopsida,Ommastrephidae,Todarodes,Todarodes sagittatus,200939,BOLD:ABW8939,concordant,multiple,OZ240545,OZ238737,VMEFC336-25
FC-22-132-01,132,28,Nephtheidae,Cnidaria,Octocorallia,Malacalcyonacea,Nephtheidae,NA,NA,51108,LTR,LTR,LTR,Muriceopsis flavida,"82,69",No match,NA,Anthomastus sp.,"82,5",Pseudodrifa sp.,Cnidaria,Octocorallia,Malacalcyonacea,Capnellidae,Pseudodrifa,Pseudodrifa sp.,3097313,BOLD:AHJ0458,multiple,morphological,OZ240546,OZ238738,VMEFC337-25
FC-22-132-02,132,28,Terebratulina septentrionalis,Brachiopoda,Rhynchonellata,Terebratulida,Cancellothyrididae,Terebratulina,Terebratulina septentrionalis,69648,0,0,1,Eremochelis nudus,"79,13",No match,NA,Terebratulina septentrionalis,"99,58",NA,Brachiopoda,Rhynchonellata,Terebratulida,Cancellothyrididae,Terebratulina,Terebratulina septentrionalis,69648,BOLD:ADG5595,multiple,multiple,OZ240547,OZ238739,VMEFC338-25
FC-22-133-01,133,30,Acanthogorgia sp.,Cnidaria,Octocorallia,Malacalcyonacea,Paramuriceidae,Acanthogorgia,NA,44189,LTR,LTR,LTR,Acanthogorgia armata,100,Acanthogorgia granulata,100,Euplexaura crassa,"99,41",NA,Cnidaria,Octocorallia,Malacalcyonacea,Paramuriceidae,Acanthogorgia,Acanthogorgia sp. MPL-2024,3384842,BOLD:AAH8240,concordant,multiple,OZ240548,OZ238740,VMEFC339-25
FC-22-134-01,134,30,Tentorium semisuberites,Porifera,Demospongiae,Polymastiida,Polymastiidae,Tentorium,Tentorium semisuberites,942699,1,1,0,Tentorium semisuberites ,"97,26",Tentorium semisuberites,"97,25",NA,NA,NA,Porifera,Demospongiae,Polymastiida,Polymastiidae,Tentorium,Tentorium semisuberites,942699,BOLD:AGD0362,multiple,multiple,OZ240549,NA,VMEFC340-25
FC-22-134-02,134,30,Neognathophausia gigas,Arthropoda,Malacostraca,Lophogastrida,Gnathophausiidae,Neognathophausia,Neognathophausia gigas,419497,1,1,0,Neognathophausia gigas,"97,5",Gnathophausia gigas,"97,62",NA,NA,Neognathophausia gigas,Arthropoda,Malacostraca,Lophogastrida,Gnathophausiidae,Neognathophausia,Neognathophausia gigas,419497,BOLD:AAE0115,multiple,morphological,OZ240550,NA,VMEFC341-25
FC-22-136-01,136,22,Meningodora mollis,Arthropoda,Malacostraca,Decapoda,Acanthephyridae,Meningodora,Meningodora mollis,1582872,1,1,1,Meningodora mollis ,"98,87",Meningodora mollis,"99,49",Meningodora mollis,"98,55",NA,Arthropoda,Malacostraca,Decapoda,Acanthephyridae,Meningodora,Meningodora mollis,1582872,BOLD:AAE2090,concordant,multiple,OZ240551,OZ238741,VMEFC342-25
FC-22-136-02,136,22,Myxaster sol,Echinodermata,Asteroidea,Velatida,Myxasteridae,Myxaster,Myxaster sol,1277727,1,1,1,Myxaster sol,"99,8",Myxaster sol,"99,79",Myxaster sol,"99,82",NA,Echinodermata,Asteroidea,Velatida,Myxasteridae,Myxaster,Myxaster sol,1277727,BOLD:AEH7938,concordant,multiple,OZ240552,OZ238742,VMEFC343-25
FC-22-136-03,136,22,Astarte sp.,Mollusca,Bivalvia,Carditida,Astartidae,Astarte,NA,98290,LTR,LTR,LTR,Astarte sulcata,"92,92",No match,NA,NA,NA,Astarte cf. sulcata,Mollusca,Bivalvia,Carditida,Astartidae,Astarte,Astarte cf. sulcata MPL-2024,3384878,BOLD:AHJ5891,multiple,morphological,OZ240553,NA,VMEFC344-25
FC-22-136-04,136,22,Buccinum sp.,Mollusca,Gastropoda,Neogastropoda,Buccinidae,Buccinum,NA,37540,LTR,LTR,LTR,Buccinum undatum,"97,87",Buccinum cyaneum,"98,03",Buccinum cyaneum,"99,24",Buccinum cf. hydrophanum,Mollusca,Gastropoda,Neogastropoda,Buccinidae,Buccinum,Buccinum cf. hydrophanum MPL-2024,3384879,BOLD:AHJ6776,concordant,morphological,OZ240554,OZ238743,VMEFC345-25
FC-22-136-05,136,22,Acanthogorgia sp.,Cnidaria,Octocorallia,Malacalcyonacea,Paramuriceidae,Acanthogorgia,NA,44189,LTR,LTR,LTR,Acanthogorgia spissa,100,Acanthogorgia granulata,100,NA,NA,NA,Cnidaria,Octocorallia,Malacalcyonacea,Paramuriceidae,Acanthogorgia,Acanthogorgia sp. MPL-2024,3384842,BOLD:AAH8240,concordant,multiple,OZ240555,NA,VMEFC346-25
FC-22-136-06,136,22,Mediaster bairdi,Echinodermata,Asteroidea,Valvatida,Goniasteridae,Mediaster,Mediaster bairdi,655526,0,0,1,NA,NA,NA,NA,NA,NA,NA,NA,NA,NA,NA,NA,NA,NA,NA,NA,NA,NA,NA,NA
FC-22-136-07,136,22,Periphylla periphylla,Cnidaria,Scyphozoa,Coronatae,Periphyllidae,Periphylla,Periphylla periphylla,880221,1,1,1,NA,NA,NA,NA,NA,NA,NA,NA,NA,NA,NA,NA,NA,NA,NA,NA,NA,NA,NA,NA
FC-22-136-08,136,22,Bathybiaster vexillifer,Echinodermata,Asteroidea,Paxillosida,Astropectinidae,Bathybiaster,Bathybiaster vexillifer,3254325,0,1,0,Astropectinidae sp. ,100,Bathybiaster vexillifer,100,Bathybiaster loripes,"99,15",NA,Echinodermata,Asteroidea,Paxillosida,Astropectinidae,Bathybiaster,Bathybiaster vexillifer,3254325,BOLD:ABZ6380,concordant,multiple,OZ240556,OZ238744,VMEFC347-25
FC-22-136-09,136,22,Atolla sp.,Cnidaria,Scyphozoa,Coronatae,Atollidae,Atolla,NA,86042,LTR,LTR,LTR,Atolla wyvillei,"98,59",Atolla wyvillei,"99,62",NA,NA,NA,Cnidaria,Scyphozoa,Coronatae,Atollidae,Atolla,Atolla sp. MPL-2024,3384849,BOLD:AAG4832,concordant,multiple,OZ240557,NA,VMEFC348-25
FC-22-136-10,136,22,Taonius pavo,Mollusca,Cephalopoda,Oegopsida,Cranchiidae,Taonius,Taonius pavo,559551,1,1,1,Taonius pavo,"99,7",Taonius pavo,"99,69",Taonius pavo,100,NA,Mollusca,Cephalopoda,Oegopsida,Cranchiidae,Taonius,Taonius pavo,559551,BOLD:AAM9951,concordant,multiple,OZ240558,OZ238745,VMEFC349-25
FC-22-137-01,137,22,Neognathophausia gigas,Arthropoda,Malacostraca,Lophogastrida,Gnathophausiidae,Neognathophausia,Neognathophausia gigas,419497,1,1,0,Neognathophausia gigas,"97,4",Gnathophausia gigas,100,NA,NA,Neognathophausia gigas,Arthropoda,Malacostraca,Lophogastrida,Gnathophausiidae,Neognathophausia,Neognathophausia gigas,419497,BOLD:AAE0115,multiple,morphological,OZ240559,NA,VMEFC350-25
FC-22-137-02,137,22,Chiroteuthis veranii,Mollusca,Cephalopoda,Oegopsida,Chiroteuthidae,Chiroteuthis,Chiroteuthis veranii,61696,1,1,1,Chiroteuthis veranii ,"99,7",Chiroteuthis veranii ,100,Chiroteuthis veranii,100,NA,Mollusca,Cephalopoda,Oegopsida,Chiroteuthidae,Chiroteuthis,Chiroteuthis veranii,61696,BOLD:ACK5688,multiple,multiple,OZ240560,OZ238746,VMEFC351-25
FC-22-143-01,143,2,Histodermella kagigunensis,Porifera,Demospongiae,Poecilosclerida,Coelosphaeridae,Histodermella,Histodermella kagigunensis,3297255,0,0,0,NA,NA,NA,NA,Tethya citrina,"97,93",Tethya norvegica,Porifera,Demospongiae,Tethyida,Tethyidae,Tethya,Tethya norvegica,460388,NA,multiple,morphological,NA,OZ238747,VMEFC352-25
FC-22-143-02,143,2,Histodermella kagigunensis,Porifera,Demospongiae,Poecilosclerida,Coelosphaeridae,Histodermella,Histodermella kagigunensis,3297255,0,0,0,Tethya norvegica ,"99,84",Tethya norvegica ,"99,84",Tethya citrina,"98,27",Tethya norvegica,Porifera,Demospongiae,Tethyida,Tethyidae,Tethya,Tethya norvegica,460388,BOLD:ACH7554,multiple,multiple,OZ240561,OZ238748,VMEFC353-25
FC-22-154-01,154,5,Nudibranchia,Mollusca,Gastropoda,Nudibranchia,NA,NA,NA,70849,LTR,LTR,LTR,Colga villosa,100,Colga villosa,100,Triopha modesta,"90,91",NA,Mollusca,Gastropoda,Doridida,Polyceridae,Colga,Colga villosa,1798798,BOLD:ADR5558,concordant,genetic,OZ240562,OZ238749,VMEFC354-25
FC-22-162-01,162,10,Lophaster furcifer,Echinodermata,Asteroidea,Valvatida,Solasteridae,Lophaster,Lophaster furcifer,3253376,0,1,0,Lophaster furcilliger,"97,13",NA,NA,Lophaster furcilliger,"98,65",NA,Echinodermata,Asteroidea,Valvatida,Solasteridae,Lophaster,Lophaster furcifer,3253376,BOLD:ADF4204,concordant,multiple,OZ240563,OZ238750,VMEFC355-25
FC-22-162-02,162,10,Hormathiidae,Cnidaria,Hexacorallia,Actiniaria,Hormathiidae,NA,NA,42824,LTR,LTR,LTR,Paraphelliactis xishaensis,"99,54",Actinauge sp.,100,NA,NA,Actinauge cristata,Cnidaria,Hexacorallia,Actiniaria,Hormathiidae,Actinauge,Actinauge cristata,3279625,BOLD:AAE3706,multiple,morphological,OZ240564,NA,VMEFC356-25
FC-22-162-03,162,10,Hormathiidae,Cnidaria,Hexacorallia,Actiniaria,Hormathiidae,NA,NA,42824,LTR,LTR,LTR,Paraphelliactis xishaensis,"99,54",Actinauge sp.,100,NA,NA,Actinauge cristata,Cnidaria,Hexacorallia,Actiniaria,Hormathiidae,Actinauge,Actinauge cristata,3279625,BOLD:AAE3706,multiple,morphological,OZ240565,NA,VMEFC357-25
FC-22-162-04,162,10,Ceramaster granularis,Echinodermata,Asteroidea,Valvatida,Goniasteridae,Ceramaster,Ceramaster granularis,3254089,0,0,0,Ceramaster cf. arcticus,"97,42",Ceramaster granularis,100,Ceramaster patagonicus,100,,Echinodermata,Asteroidea,Valvatida,Goniasteridae,Ceramaster,Ceramaster granularis,3254089,BOLD:ACT3080,concordant,morphological,OZ240566,OZ238751,VMEFC358-25
FC-22-162-05,162,10,Stephanauge nexilis,Cnidaria,Hexacorallia,Actiniaria,Amphianthidae,Stephanauge,Stephanauge nexilis,1460104,1,1,0,Stephanauge nexilis,100,Stephanauge sp.,100,NA,NA,NA,Cnidaria,Hexacorallia,Actiniaria,Amphianthidae,Stephanauge,Stephanauge nexilis,1460104,BOLD:ABV1102,multiple,multiple,OZ240567,NA,VMEFC359-25
FC-22-165-01,165,14,Polymastia hemisphaerica,Porifera,Demospongiae,Polymastiida,Polymastiidae,Polymastia,Polymastia hemisphaerica,3295023,0,0,0,Polymastia hemisphaerica,100,Polymastia hemisphaerica,100,NA,NA,NA,Porifera,Demospongiae,Polymastiida,Polymastiidae,Polymastia,Polymastia hemisphaerica,3295023,BOLD:ACQ6272,concordant,multiple,OZ240568,NA,VMEFC360-25
FC-22-168-01,168,9,Phakellia sp.,Porifera,Demospongiae,Bubarida,Bubaridae,Phakellia,NA,85813,LTR,LTR,LTR,Axinella infundibuliformis ,100,Axinella infundibuliformis ,100,NA,NA,Axinella arctica,Porifera,Demospongiae,Axinellida,Axinellidae,Axinella,Axinella arctica,2610173,BOLD:ACB5060,multiple,morphological,OZ240569,NA,VMEFC361-25
FC-22-168-02,168,9,Stephanasterias albula,Echinodermata,Asteroidea,Forcipulatida,Asteriidae,Stephanasterias,Stephanasterias albula,279912,1,1,1,Stephanasterias albula ,100,Stephanasterias albula ,100,Stephanasterias albula,100,NA,Echinodermata,Asteroidea,Forcipulatida,Asteriidae,Stephanasterias,Stephanasterias albula,279912,BOLD:AAF3251,concordant,multiple,OZ240570,OZ238752,VMEFC362-25
FC-22-169-01,169,5,Axinellidae,Porifera,Demospongiae,Axinellida,Axinellidae,NA,NA,45118,LTR,LTR,LTR,NA,NA,NA,NA,NA,NA,NA,NA,NA,NA,NA,NA,NA,NA,NA,NA,NA,NA,NA,NA
FC-22-169-02,169,5,Actiniaria,Cnidaria,Hexacorallia,Actiniaria,NA,NA,NA,6103,LTR,LTR,LTR,Bolocera tuediae ,100,Urticina felina,100,NA,NA,Bolocera tuediae,Cnidaria,Hexacorallia,Actiniaria,Actiniidae,Bolocera,Bolocera tuediae,1163374,BOLD:AAG1974,multiple,multiple,OZ240571,NA,VMEFC363-25
FC-22-169-03,169,5,Pteropoda,Mollusca,Gastropoda,Pteropoda,NA,NA,NA,977783,LTR,LTR,LTR,Clione limacina,"99,7",Clione limacina,"99,69",NA,NA,NA,Mollusca,Gastropoda,Pteropoda,Clionidae,Clione,Clione limacina,71516,BOLD:AAB2760,multiple,genetic,OZ240572,NA,VMEFC364-25
FC-22-169-04,169,5,Ophiura sarsii,Echinodermata,Ophiuroidea,Ophiurida,Ophiuridae,Ophiura,Ophiura sarsii,861515,1,1,1,Ophiura sarsii,"99,02",Ophiura sarsii,100,Ophiura sarsii,"99,8",NA,Echinodermata,Ophiuroidea,Ophiurida,Ophiuridae,Ophiura,Ophiura sarsii,861515,BOLD:AAD8851,multiple,multiple,OZ240573,OZ238753,VMEFC365-25
FC-22-169-05,169,5,Forcepia sp.,Porifera,Demospongiae,Poecilosclerida,Coelosphaeridae,Forcepia,NA,1342706,LTR,LTR,LTR,Niphatidae sp.,"95,92",Haliclona fibulata,100,Demospongiae sp.,"94,04",Hemigellius arcofer,Porifera,Demospongiae,Haplosclerida,Niphatidae,Hemigellius,Hemigellius arcofer,3292806,BOLD:ADR1447,concordant,morphological,OZ240574,OZ238754,VMEFC366-25
FC-22-172-01,172,1,Histodermella kagigunensis,Porifera,Demospongiae,Poecilosclerida,Coelosphaeridae,Histodermella,Histodermella kagigunensis,3297255,0,0,0,Tethya norvegica ,"99,81",Tethya norvegica ,"99,81",Tethya citrina,"98,26",Tethya norvegica,Porifera,Demospongiae,Tethyida,Tethyidae,Tethya,Tethya norvegica,460388,BOLD:ACH7554,multiple,multiple,OZ240575,OZ238755,VMEFC367-25
FC-22-172-02,172,1,Polymastia sp.,Porifera,Demospongiae,Polymastiida,Polymastiidae,Polymastia,NA,283513,LTR,LTR,LTR,Polymastia uberrima,100,Polymastia uberrima,100,NA,NA,Polymastia uberrima,Porifera,Demospongiae,Polymastiida,Polymastiidae,Polymastia,Polymastia uberrima,1391049,BOLD:ACQ3835,multiple,multiple,OZ240576,NA,VMEFC368-25
FC-22-173-01,173,1,Polymastia sp.,Porifera,Demospongiae,Polymastiida,Polymastiidae,Polymastia,NA,283513,LTR,LTR,LTR,Polymastia uberrima,100,Polymastia uberrima,100,NA,NA,Polymastia uberrima,Porifera,Demospongiae,Polymastiida,Polymastiidae,Polymastia,Polymastia uberrima,1391049,BOLD:ACQ3835,multiple,multiple,OZ240577,NA,VMEFC369-25
FC-22-174-01,174,4,Laetmonice sp.,Annelida,Polychaeta,Phyllodocida,Aphroditidae,Laetmonice,NA,73377,LTR,LTR,LTR,Laetmonice filicornis,"95,76",Laetmonice filicornis,100,Laetmonice filicornis,"97,73",NA,Annelida,Polychaeta,Phyllodocida,Aphroditidae,Laetmonice,Laetmonice filicornis,1210409,BOLD:AFH3827,multiple,multiple,OZ240578,OZ238756,VMEFC370-25
FC-22-174-02,174,4,Porifera,Porifera,NA,NA,NA,NA,NA,6040,LTR,LTR,LTR,NA,NA,NA,NA,Latrunculia apicalis,"92,27",Iophon piceum,Porifera,Demospongiae,Poecilosclerida,Acarnidae,Iophon,Iophon piceum,3293346,NA,no_bin,morphological,NA,OZ238757,VMEFC371-25
FC-22-174-03,174,4,Benthopectinidae,Echinodermata,Asteroidea,Paxillosida,Benthopectinidae,NA,NA,360087,LTR,LTR,LTR,Pontaster tenuispinus,"99,85",Pontaster tenuispinus,"99,85",Cheiraster (Luidiaster) antarcticus,"93,79",NA,Echinodermata,Asteroidea,Paxillosida,Benthopectinidae,Pontaster,Pontaster tenuispinus,1037279,BOLD:AAF0422,multiple,genetic,OZ240579,OZ238758,VMEFC372-25
FC-22-174-04,174,4,Leptychaster arcticus,Echinodermata,Asteroidea,Paxillosida,Astropectinidae,Leptychaster,Leptychaster arcticus,3048001,0,1,0,Paxillosida sp.,"98,75",Leptychaster arcticus,"99,52",Leptychaster propinquus,95,NA,Echinodermata,Asteroidea,Paxillosida,Astropectinidae,Leptychaster,Leptychaster arcticus,3048001,BOLD:AAO2536,multiple,morphological,OZ240580,OZ238759,VMEFC373-25
FC-22-174-05,174,4,Ceramaster granularis,Echinodermata,Asteroidea,Valvatida,Goniasteridae,Ceramaster,Ceramaster granularis,3254089,0,0,0,Ceramaster cf. arcticus,"97,19",Ceramaster granularis,100,Ceramaster patagonicus,100,NA,Echinodermata,Asteroidea,Valvatida,Goniasteridae,Ceramaster,Ceramaster granularis,3254089,BOLD:ACT3080,concordant,morphological,OZ240581,OZ238760,VMEFC374-25
FC-22-175-01,175,1,Ophiopholis aculeata,Echinodermata,Ophiuroidea,Amphilepidida,Ophiopholidae,Ophiopholis,Ophiopholis aculeata,35052,1,1,1,Ophiopholis aculeata,100,Ophiopholis aculeata,100,NA,NA,NA,Echinodermata,Ophiuroidea,Amphilepidida,Ophiopholidae,Ophiopholis,Ophiopholis aculeata,35052,BOLD:AAA9003,multiple,multiple,OZ240582,NA,VMEFC375-25
FC-22-175-02,175,1,Suberites ficus,Porifera,Demospongiae,Suberitida,Suberitidae,Suberites,Suberites ficus,86007,1,1,0,NA,NA,NA,NA,NA,NA,NA,NA,NA,NA,NA,NA,NA,NA,NA,NA,NA,NA,NA,NA
FC-22-175-03,175,1,Porifera,Porifera,NA,NA,NA,NA,NA,6040,LTR,LTR,LTR,Dendroceratida sp.,"80,37",No match,NA,NA,NA,Iophon koltuni,Porifera,Demospongiae,Poecilosclerida,Acarnidae,Iophon,Iophon koltuni,2497814,NA,no_bin,morphological,OZ240583,NA,VMEFC376-25
FC-22-175-04,175,1,Histodermella sp.,Porifera,Demospongiae,Poecilosclerida,Coelosphaeridae,Histodermella,NA,3296950,LTR,LTR,LTR,Tethya norvegica ,"99,85",Tethya norvegica ,"99,85",Tethya citrina,"98,26",NA,Porifera,Demospongiae,Tethyida,Tethyidae,Tethya,Tethya norvegica,460388,NA,multiple,multiple,OZ240584,OZ238761,VMEFC377-25
FC-22-175-05,175,1,Polymastia sp.,Porifera,Demospongiae,Polymastiida,Polymastiidae,Polymastia,NA,283513,LTR,LTR,LTR,Polimastia uberrima,100,Polymastia uberrima,100,NA,NA,Polymastia uberrima,Porifera,Demospongiae,Polymastiida,Polymastiidae,Polymastia,Polymastia uberrima,1391049,BOLD:ACQ3835,multiple,multiple,OZ240585,NA,VMEFC378-25
FC-22-175-06,175,1,Aplousobranchia,Chordata,Ascidiacea,Aplousobranchia,NA,NA,NA,32436,LTR,LTR,LTR,NA,NA,NA,NA,NA,NA,NA,NA,NA,NA,NA,NA,NA,NA,NA,NA,NA,NA,NA,NA
FC-22-175-07,175,1,Histodermella sp.,Porifera,Demospongiae,Poecilosclerida,Coelosphaeridae,Histodermella,NA,3296950,LTR,LTR,LTR,Tethya norvegica ,"99,84",Tethya norvegica ,"99,83",Tethya citrina,"98,17",Tethya norvegica,Porifera,Demospongiae,Tethyida,Tethyidae,Tethya,Tethya norvegica,460388,BOLD:ACH7554,multiple,multiple,OZ240586,OZ238762,VMEFC379-25
FC-22-175-08,175,1,Aplousobranchia,Chordata,Ascidiacea,Aplousobranchia,NA,NA,NA,32436,LTR,LTR,LTR,NA,NA,NA,NA,NA,NA,NA,NA,NA,NA,NA,NA,NA,NA,NA,NA,NA,NA,NA,NA
FC-22-179-01,179,16,Chaetognatha,Chaetognatha,NA,NA,NA,NA,NA,10229,LTR,LTR,LTR,Pseudosagitta maxima,"99,68",Pseudosagitta maxima,100,NA,NA,NA,Chaetognatha,Sagittoidea,Aphragmophora,Sagittidae,Pseudosagitta,Pseudosagitta maxima,1686019,BOLD:AAO1780,multiple,genetic,OZ240587,NA,VMEFC380-25
FC-22-179-02,179,16,Boreomysis sp.,Arthropoda,Malacostraca,Mysida,Mysidae,Boreomysis,NA,401121,LTR,LTR,LTR,Galathea aegyptiaca,"85,4",No match,NA,NA,NA,Boreomysis tridens,Arthropoda,Malacostraca,Mysida,Mysidae,Boreomysis,Boreomysis (Boreomysis) tridens,419505,BOLD:AHJ5773,concordant,morphological,OZ240588,NA,VMEFC381-25
FC-22-179-03,179,16,Boreomysis sp.,Arthropoda,Malacostraca,Mysida,Mysidae,Boreomysis,NA,401121,LTR,LTR,LTR,Galathea aegyptiaca,"85,25",No match,NA,NA,NA,Boreomysis tridens,Arthropoda,Malacostraca,Mysida,Mysidae,Boreomysis,Boreomysis (Boreomysis) tridens,419505,BOLD:AHJ5773,concordant,morphological,OZ240589,NA,VMEFC382-25
FC-22-179-04,179,16,Gennadas sp.,Arthropoda,Malacostraca,Decapoda,Benthescymidae,Gennadas,NA,290328,LTR,LTR,LTR,Amalopenaeus elegans,"99,85",No match,NA,Amalopenaeus elegans,100,NA,Arthropoda,Malacostraca,Decapoda,Benthesicymidae,Amalopenaeus,Amalopenaeus elegans,2293773,BOLD:AFH1138,concordant,genetic,OZ240590,OZ238763,VMEFC383-25
FC-22-179-05,179,16,Eucopia australis,Arthropoda,Malacostraca,Lophogastrida,Eucopiidae,Eucopia,Eucopia australis,2527839,1,1,0,Eucopia unguiculata,"90,62",No match,NA,Eucopia grimaldii,"89,51",Eucopia australis,Arthropoda,Malacostraca,Lophogastrida,Eucopiidae,Eucopia,Eucopia australis,2527839,BOLD:AHJ2606,concordant,morphological,OZ240591,OZ238764,VMEFC384-25
FC-22-179-06,179,16,Themisto sp.,Arthropoda,Malacostraca,Amphipoda,Hyperiidae,Themisto,NA,133715,LTR,LTR,LTR,Themisto sp.,"99,84",Themisto libellula,100,NA,NA,Themisto compressa,Arthropoda,Malacostraca,Amphipoda,Hyperiidae,Themisto,Themisto compressa,371516,BOLD:AAG2099,multiple,multiple,OZ240592,NA,VMEFC385-25
FC-22-183-01,183,16,Acanella arbuscula,Cnidaria,Octocorallia,Scleralcyonacea,Keratoisididae,Acanella,Acanella arbuscula,44213,1,1,1,Keratoisididae sp.,100,Acanella arbuscula,100,Acanella sp.,"99,85",NA,Cnidaria,Octocorallia,Scleralcyonacea,Keratoisididae,Acanella,Acanella arbuscula,44213,BOLD:AGX9791,concordant,multiple,OZ240593,OZ238765,VMEFC386-25
